-- phpMyAdmin SQL Dump
-- version 4.9.1
-- https://www.phpmyadmin.net/
--
-- Host: localhost
-- Generation Time: Feb 03, 2022 at 10:13 AM
-- Server version: 10.3.31-MariaDB-0+deb10u1
-- PHP Version: 7.3.31-1~deb10u1

SET SQL_MODE = "NO_AUTO_VALUE_ON_ZERO";
SET AUTOCOMMIT = 0;
START TRANSACTION;
SET time_zone = "+00:00";


/*!40101 SET @OLD_CHARACTER_SET_CLIENT=@@CHARACTER_SET_CLIENT */;
/*!40101 SET @OLD_CHARACTER_SET_RESULTS=@@CHARACTER_SET_RESULTS */;
/*!40101 SET @OLD_COLLATION_CONNECTION=@@COLLATION_CONNECTION */;
/*!40101 SET NAMES utf8mb4 */;

--
-- Database: `ktn`
--

-- --------------------------------------------------------

--
-- Table structure for table `admins`
--

CREATE TABLE `admins` (
  `id` bigint(20) UNSIGNED NOT NULL,
  `name` varchar(50) COLLATE utf8mb4_unicode_ci NOT NULL,
  `email` varchar(255) COLLATE utf8mb4_unicode_ci NOT NULL,
  `email_verified_at` timestamp NULL DEFAULT NULL,
  `password` varchar(255) COLLATE utf8mb4_unicode_ci NOT NULL,
  `remember_token` varchar(100) COLLATE utf8mb4_unicode_ci DEFAULT NULL,
  `created_at` timestamp NULL DEFAULT NULL,
  `updated_at` timestamp NULL DEFAULT NULL
) ENGINE=InnoDB DEFAULT CHARSET=utf8mb4 COLLATE=utf8mb4_unicode_ci;

--
-- Dumping data for table `admins`
--

INSERT INTO `admins` (`id`, `name`, `email`, `email_verified_at`, `password`, `remember_token`, `created_at`, `updated_at`) VALUES
(13, 'admin', 'ktn@nakhchivan.az', NULL, '$2a$12$zIaWg0eatU0NI85/BObNweWE1tokPQDnCZ3C.5ZgTiTfjBxI.HubO', NULL, '2021-12-01 01:22:39', '2021-12-01 01:22:39');

-- --------------------------------------------------------

--
-- Table structure for table `aqrarcategories`
--

CREATE TABLE `aqrarcategories` (
  `id` bigint(20) UNSIGNED NOT NULL,
  `title` varchar(255) COLLATE utf8mb4_unicode_ci NOT NULL,
  `status` tinyint(4) NOT NULL,
  `created_at` timestamp NULL DEFAULT NULL,
  `updated_at` timestamp NULL DEFAULT NULL
) ENGINE=InnoDB DEFAULT CHARSET=utf8mb4 COLLATE=utf8mb4_unicode_ci;

--
-- Dumping data for table `aqrarcategories`
--

INSERT INTO `aqrarcategories` (`id`, `title`, `status`, `created_at`, `updated_at`) VALUES
(1, 'Heyvandarlıq', 1, '2022-01-29 06:53:14', '2022-01-29 06:53:14'),
(2, 'Akvakultura', 1, '2022-01-29 09:06:34', '2022-01-30 17:39:57'),
(3, 'Bitkiçilik', 1, '2022-01-30 17:39:25', '2022-01-30 17:39:25');

-- --------------------------------------------------------

--
-- Table structure for table `aqrarnews`
--

CREATE TABLE `aqrarnews` (
  `id` bigint(20) UNSIGNED NOT NULL,
  `title` varchar(255) COLLATE utf8mb4_unicode_ci NOT NULL,
  `content` longtext COLLATE utf8mb4_unicode_ci NOT NULL,
  `file` varchar(255) COLLATE utf8mb4_unicode_ci DEFAULT NULL,
  `image` varchar(255) COLLATE utf8mb4_unicode_ci NOT NULL,
  `status` tinyint(4) NOT NULL,
  `created_at` timestamp NULL DEFAULT NULL,
  `updated_at` timestamp NULL DEFAULT NULL,
  `category_id` int(11) DEFAULT NULL
) ENGINE=InnoDB DEFAULT CHARSET=utf8mb4 COLLATE=utf8mb4_unicode_ci;

--
-- Dumping data for table `aqrarnews`
--

INSERT INTO `aqrarnews` (`id`, `title`, `content`, `file`, `image`, `status`, `created_at`, `updated_at`, `category_id`) VALUES
(1, 'Akvakultura', '<p>Akvakultura məhsulu kimi balıqlar sığortanın predmeti hesab edilirlər.</p>\r\n\r\n<h2>Hansı risklərdən sığortalana bilər?</h2>\r\n\r\n<ul>\r\n	<li>k&uuml;tləvi zəhərlənmə nəticəsində balıqların &ouml;l&uuml;m&uuml;;</li>\r\n	<li>təbii fəlakətlər (zəlzələ, torpaq s&uuml;r&uuml;şməsi, qasırğa, fırtına və dolu) nəticəsində balıqların &ouml;l&uuml;m&uuml;;</li>\r\n	<li>vəhşi heyvanların h&uuml;cumu nəticəsində balıqların &ouml;l&uuml;m&uuml;;</li>\r\n	<li>yanğının birbaşa və ya dolayı təsiri nəticəsində balıqların &ouml;l&uuml;m&uuml;;</li>\r\n	<li>&uuml;&ccedil;&uuml;nc&uuml; şəxslərin hərəkətləri nəticəsində balıqların &ouml;l&uuml;m&uuml;;</li>\r\n</ul>\r\n\r\n<h2>Sığorta m&uuml;qaviləsi bağlanması</h2>\r\n\r\n<ul>\r\n	<li>m&uuml;əssisələrdə yetişdirilən n&ouml;vlər &uuml;&ccedil;&uuml;n suyun texniki normativ h&uuml;quqi aktlarda m&uuml;əyyən edilmiş tələblərə uyğun olmalıdır;</li>\r\n	<li>axar su və nasoslarla su təmin edilən m&uuml;əssisələrdə, həmişə işlək vəziyyətdə əlavə nasos və generatorun olmalıdır;</li>\r\n	<li>axar sularla su təmin edilən m&uuml;əssisələrdə suya qarışan tullantıların kənarlaşdırılması &uuml;&ccedil;&uuml;n mexaniki filtr&nbsp;və vasitələrin istifadəsi, habelə&nbsp;g&uuml;ndə ən azı bir dəfə təmizlənməlidir;</li>\r\n	<li>axar sulardan su təmin edən m&uuml;əssisələrdə suyun boşaldılması &uuml;&ccedil;&uuml;n su kənarlaşdırıcı sistem&nbsp;olmalıdır;</li>\r\n	<li>vəhşi heyvanların h&uuml;cumuna qarşı lazımi tədbirlər olmalıdır.</li>\r\n</ul>\r\n\r\n<h2><strong>&nbsp;</strong>Sığorta haqqının &ouml;dənilməsi</h2>\r\n\r\n<ul>\r\n	<li>Sığorta haqqı birdəfəlik və ya hissələrlə &ouml;dənilə bilər.</li>\r\n	<li>Sığorta haqqı aşağıdakı hissələrdən ibarətdir:</li>\r\n</ul>\r\n\r\n<p>sığortalı tərəfindən &ouml;dənilməli olan hissə;</p>\r\n\r\n<p>d&ouml;vlət b&uuml;dcəsinin vəsaiti hesabına &ouml;dənilən hissə, yəni sığorta haqqının 50%-i.</p>\r\n\r\n<ul>\r\n	<li>Sığorta m&uuml;qaviləsində başqa c&uuml;r nəzərdə tutulmamışdırsa sığorta haqqı birdəfəlik &ouml;dənilir.</li>\r\n	<li>Aqrar sığorta m&uuml;qaviləsində sığorta haqqının hissə-hissə &ouml;dənilməsi nəzərdə tutulduğu halda sığorta haqqının &ouml;dənilməsi qaydası həmin m&uuml;qavilədə m&uuml;əyyən edilir. Hər bir halda sığortalı tərəfindən &ouml;dənilməli olan sığorta haqqının ilk hissəsi həmin məbləğin ən azı 25 faizini təşkil edir. Sığorta haqqının sığortalı tərəfindən &ouml;dənilməli olan hissəsinin tam &ouml;dənilməsi nəzərdə tutulduqda - hamısı, hissə-hissə &ouml;dənilməsi nəzərdə tutulduqda isə sığorta m&uuml;qaviləsində m&uuml;əyyən edilmiş ilk hissəsi aqrar sığorta m&uuml;qaviləsinin bağlandığı g&uuml;n &ouml;dənilir.</li>\r\n	<li>Aqrar sığorta m&uuml;qaviləsində sığorta haqqının hissə hissə &ouml;dənilməsi nəzərdə tutulduqda sığorta m&uuml;qaviləsi sığorta haqqının ilk hissəsinin &ouml;dənilməsindən sonra və ya sığorta haqqının tam &ouml;dənilməsi nəzərdə tutulduqda onun tam &ouml;dənilməsindən sonra q&uuml;vvəyə minir.</li>\r\n</ul>\r\n\r\n<h2>Sığorta hadisəsi olduqda</h2>\r\n\r\n<ul>\r\n	<li>Sığorta hadisələri barədə məlumatı hadisənin baş vermə tarixindən 24 saat ərzində vasitə&ccedil;i aqrar sığorta&ccedil;ıya və ya idarəedici quruma, eyni zamanda qanunvericiliyə uyğun olaraq, həmin hadisə barədə məlumatlandırılmalı olan digər səlahiyyətli d&ouml;vlət orqanlarına məlumat verməlidir.</li>\r\n</ul>', 'laws_1643459732.pdf', 'aqrarnews_1643642699.jpg', 1, '2022-01-29 08:35:32', '2022-02-01 09:09:25', 2),
(2, 'Bitkiçilik', '<p><span style=\"font-size:18px\"><strong>Hansı bitkilər sığortalana bilər?</strong></span></p>\r\n\r\n<p style=\"text-align:justify\">Nax&ccedil;ıvan Muxtar Respublikası Nazirlər Kabinetinin 15 yanvar&nbsp;&nbsp;2020-ci&nbsp;il tarixli 7 saylı&nbsp;və 30 dekabr 2021-ci il tarixli 273 saylı&nbsp;qərarlarına əsasən, Nax&ccedil;ıvan Muxtar Respublikasında&nbsp;aqrar&nbsp;sığorta&nbsp;hazırda 36&nbsp;adda bitki&ccedil;ilik məhsullarını əhatə edir. Onlar aşağıdakılardır:</p>\r\n\r\n<ol>\r\n	<li>buğda;</li>\r\n	<li>arpa;</li>\r\n	<li>qarğıdalı;</li>\r\n	<li>kartof</li>\r\n	<li>şəkər &ccedil;uğunduru;</li>\r\n	<li>limon;</li>\r\n	<li>&ccedil;əltik;</li>\r\n	<li>t&uuml;t&uuml;n;</li>\r\n	<li>&uuml;z&uuml;m;</li>\r\n	<li>fındıq;</li>\r\n	<li>g&uuml;nəbaxan;</li>\r\n	<li>soya;</li>\r\n	<li>yonca;</li>\r\n	<li>noxud;</li>\r\n	<li>yaşıl noxud;</li>\r\n	<li>al&ccedil;a;</li>\r\n	<li>albalı;</li>\r\n	<li>alma;</li>\r\n	<li>armud;</li>\r\n	<li>&ccedil;iyələk;</li>\r\n	<li>ərik;</li>\r\n	<li>gavalı;</li>\r\n	<li>gilas;</li>\r\n	<li>heyva;</li>\r\n	<li>xurma;</li>\r\n	<li>nar;</li>\r\n	<li>şaftalı;</li>\r\n	<li>badam;</li>\r\n	<li>qoz(cəviz);</li>\r\n	<li>soğan;</li>\r\n	<li>kələm;</li>\r\n	<li>qarpız;</li>\r\n	<li>yemiş (qovun);</li>\r\n	<li>pomidor;</li>\r\n	<li>sarımsaq;</li>\r\n	<li>darı.</li>\r\n</ol>\r\n\r\n<h2>Hansı risklərdən sığortalana bilər?</h2>\r\n\r\n<ul>\r\n	<li>dolu;</li>\r\n	<li>yanğın;</li>\r\n	<li>zəlzələ;</li>\r\n	<li>torpaq s&uuml;r&uuml;şməsi;</li>\r\n	<li>qasırğa;</li>\r\n	<li>fırtına;</li>\r\n	<li>sel və subasma;</li>\r\n	<li>leysan;</li>\r\n	<li>ildırım;</li>\r\n	<li>şaxtavurma (donvurma);</li>\r\n	<li>normadan artıq yağan qar yağıntıları;</li>\r\n	<li>&uuml;&ccedil;&uuml;nc&uuml; şəxslərin hərəkətləri.</li>\r\n	<li>Əlavə sığorta haqqı &ouml;dəməklə &nbsp;limon&nbsp;və &uuml;z&uuml;m bitkilərinin məhsullarında dolu riski nəticəsində yaranan miqdar itkisi ilə yanaşı, keyfiyyət itkisinə də təminat verilə bilər.</li>\r\n	<li style=\"text-align:justify\">Əlavə sığorta haqqı &ouml;dəməklə buğda və arpa bitkilərinin dən hissəsi ilə yanaşı, g&ouml;vdə hissəsində də yaranan miqdar itkisinə təminat verilə bilər və bu təminat &uuml;zrə sığorta məbləği bitkinin dən hissəsi &uuml;zrə sığorta məbləğinin 40% &ccedil;ox ola bilməz.</li>\r\n</ul>\r\n\r\n<h2>Sığortanın predmeti</h2>\r\n\r\n<ul>\r\n	<li>\r\n	<p>Aqrar sığorta predmeti olaraq aşağıdakı bitki&ccedil;ilik məhsulları siğortalanır:</p>\r\n\r\n	<p>- taxıllar, paxlalılar və yağlı bitkilərdə &ndash; dən</p>\r\n\r\n	<p>- əsas məhsulu k&ouml;k və dibində olan bitkilərdə - k&ouml;k və dib;</p>\r\n\r\n	<p>- əsas məhsulu yarpaq olan bitkilərdə - yarpaq;</p>\r\n\r\n	<p>- meyvəsi yeyilən bitkilərdə - meyvə;</p>\r\n\r\n	<p>- yem bitkilərində - b&uuml;t&uuml;n yaşıl hissə.</p>\r\n	</li>\r\n</ul>\r\n\r\n<h2>Sığorta haqqının &ouml;dənilməsi</h2>\r\n\r\n<ul>\r\n	<li>Sığorta haqqı birdəfəlik və ya hissələrlə &ouml;dənilə bilər.</li>\r\n	<li>Sığorta haqqı aşağıdakı hissələrdən ibarətdir:</li>\r\n</ul>\r\n\r\n<ol>\r\n	<li>sığortalı tərəfindən &ouml;dənilməli olan hissə;</li>\r\n	<li>d&ouml;vlət b&uuml;dcəsinin vəsaiti hesabına &ouml;dənilən hissə, yəni sığorta haqqının 50%-i.</li>\r\n</ol>\r\n\r\n<ul>\r\n	<li style=\"text-align:justify\">Sığorta m&uuml;qaviləsində başqa c&uuml;r nəzərdə tutulmamışdırsa sığorta haqqı birdəfəlik &ouml;dənilir.</li>\r\n	<li style=\"text-align:justify\">Aqrar sığorta m&uuml;qaviləsində sığorta haqqının hissə-hissə &ouml;dənilməsi nəzərdə tutulduğu halda sığorta haqqının &ouml;dənilməsi qaydası həmin m&uuml;qavilədə m&uuml;əyyən edilir. Hər bir halda sığortalı tərəfindən &ouml;dənilməli olan sığorta haqqının ilk hissəsi həmin məbləğin ən azı 25 faizini təşkil edir. Sığorta haqqının sığortalı tərəfindən &ouml;dənilməli olan hissəsinin tam &ouml;dənilməsi nəzərdə tutulduqda - hamısı, hissə-hissə &ouml;dənilməsi nəzərdə tutulduqda isə sığorta m&uuml;qaviləsində m&uuml;əyyən edilmiş ilk hissəsi aqrar sığorta m&uuml;qaviləsinin bağlandığı g&uuml;n &ouml;dənilir.</li>\r\n	<li style=\"text-align:justify\">Aqrar sığorta m&uuml;qaviləsində sığorta haqqının hissə hissə &ouml;dənilməsi nəzərdə tutulduqda sığorta m&uuml;qaviləsi sığorta haqqının ilk hissəsinin &ouml;dənilməsindən sonra və ya sığorta haqqının tam &ouml;dənilməsi nəzərdə tutulduqda onun tam &ouml;dənilməsindən sonra q&uuml;vvəyə minir.</li>\r\n</ul>\r\n\r\n<h2>Sığorta hadisəsi olduqda</h2>\r\n\r\n<ul>\r\n	<li style=\"text-align:justify\">Sığorta hadisələri barədə məlumatı hadisənin baş vermə tarixindən 10 g&uuml;n ərzində vasitə&ccedil;i aqrar sığorta&ccedil;ıya və ya idarəedici quruma, eyni zamanda qanunvericiliyə uyğun olaraq, həmin hadisə barədə məlumatlandırılmalı olan digər səlahiyyətli d&ouml;vlət orqanlarına məlumat verməlidir.</li>\r\n</ul>\r\n\r\n<p>&nbsp;</p>', 'laws_1643459796.pdf', 'aqrarnews_1643815155.jpg', 1, '2022-01-29 08:36:36', '2022-02-02 12:21:26', 3),
(4, 'Heyvandarlıq', '<p style=\"text-align:justify\">Nax&ccedil;ıvan Muxtar Respublikası Nazirlər Kabinetinin 15 yanvar&nbsp;&nbsp;2020-ci&nbsp;il tarixli 7 saylı&nbsp;və 30 dekabr 2021-ci il tarixli 273 saylı&nbsp;qərarlarına əsasən, Nax&ccedil;ıvan Muxtar Respublikasında&nbsp;aqrar&nbsp;sığorta&nbsp;hazırda aşağıdakı&nbsp;heyvandarlıq məhsullarını əhatə edir:</p>\r\n\r\n<p>- 11-ci g&uuml;ndən 7 yaşa qədər s&uuml;dl&uuml;k mal-qara (inəklər və camışlar);</p>\r\n\r\n<p>- 11-ci g&uuml;ndən 3 yaşa qədər ətlik mal-qara (danalar);</p>\r\n\r\n<p>- 11-ci g&uuml;ndən 5 yaşa qədər xırdabuynuzlu heyvanlar (qoyun və ke&ccedil;ilər).</p>\r\n\r\n<h2 style=\"text-align:center\">Aqrar sığorta heyvanları hansı risklərdən sığortalayır?</h2>\r\n\r\n<p>Aşağıdakı risklərin baş verməsi nəticəsində sığortalanmış heyvanın &ouml;l&uuml;m&uuml;:</p>\r\n\r\n<ul>\r\n	<li>&quot;Baytarlıq sahəsində profilaktikası, diaqnostikası və ləğvi d&ouml;vlət b&uuml;dcəsindən maliyyələşdirilən heyvanların x&uuml;susi təhl&uuml;kəli xəstəliklərinin siyahısına&quot;na və &quot;Bir sıra karantin və x&uuml;susi təhl&uuml;kəli yoluxucu&nbsp;xəstəliklər baş verdikdə, həmin xəstəliklərin ləğv edilməsi zamanı h&uuml;quqi və fiziki şəxslərə dəymiş maddi ziyanın əvəzinin &ouml;dənilməsi Qaydaları&quot;nda g&ouml;stərilmiş karantin və&nbsp;x&uuml;susi təhl&uuml;kəli yoluxucu (ekzotik) xəstəliklərin siyahısına daxil olan xəstəliklər&nbsp;istisna olmaqla, digər yoluxucu heyvan&nbsp;xəstəlikləri nəticəsində &ouml;l&uuml;m;</li>\r\n	<li>ilan və ya həşərat sancması;</li>\r\n	<li>zəhərli otlar və ya yemlərdən zəhərlənmə;</li>\r\n	<li>kimyəvi maddələrin təsirindən zəhərlənmə;</li>\r\n	<li>&nbsp;k&uuml;tləvi zəhərlənmələr nəticəsində &ouml;l&uuml;m;</li>\r\n	<li>yanğın;</li>\r\n	<li>vəhşi heyvanların h&uuml;cumu və x&uuml;susi təhl&uuml;kəli ziyanvericilərin yayılması və h&uuml;cumu;</li>\r\n	<li>təbii fəlakətlər (zəlzələ, torpaq s&uuml;r&uuml;şməsi, qasırğa, fırtına və dolu);</li>\r\n	<li>&uuml;&ccedil;&uuml;nc&uuml; şəxslərin hərəkətləri;</li>\r\n</ul>\r\n\r\n<h2 style=\"text-align:center\">Sığortanın&nbsp; predmeti</h2>\r\n\r\n<ul>\r\n	<li>heyvan qapalı yerdə saxlanılmalı və saxlandığı yer &ldquo;Heyvanların saxlanması, yetişdirilməsi və istifadə olunması Qaydaları&rdquo;na uyğun olmalıdır;</li>\r\n	<li>heyvanın &ldquo;Baytarlıq tədbirlərinin təşkili və həyata ke&ccedil;irilməsi Qaydaları&rdquo;na uyğun olaraq qulluq və qidalanması təmin edilməli;</li>\r\n	<li>Nax&ccedil;ıvan Muxtar Respublikasının ərazisinə gətirilən heyvanlara m&uuml;nasibətdə &quot;Başqa &ouml;lkələrdən gətirilən heyvanların sağlamlığını m&uuml;əyyənləşdirmək &uuml;&ccedil;&uuml;n onların tədric olunmuş halda saxlanılması Qaydası və m&uuml;ddəti&quot; ilə m&uuml;əyyən edilmiş qaydada saxlanılması təmin edildikdə;</li>\r\n	<li>heyvan peyvəndlənməli və birkalanmış olmalıdır;</li>\r\n	<li>Heyvan barədə məlumatlar qeyd edildikdə;</li>\r\n</ul>\r\n\r\n<h2 style=\"text-align:center\">Aqrar sığorta haqqı</h2>\r\n\r\n<ul>\r\n	<li>sığorta haqqı&nbsp;<strong>birdəfəlik və ya hissələrlə</strong>&nbsp;&ouml;dənilə bilər;</li>\r\n	<li>sığorta haqqı aşağıdakı hissələrdən ibarətdir:\r\n	<ul>\r\n		<li>Sığortalı tərəfindən &ouml;dənilməli olan hissə;</li>\r\n		<li>D&ouml;vlət b&uuml;dcəsinin vəsaiti hesabına &ouml;dənilən hissə, yəni sığorta haqqının 50%-i;</li>\r\n	</ul>\r\n	</li>\r\n	<li>sığorta m&uuml;qaviləsində başqa hal nəzərdə tutulmamışdırsa, sığorta haqqı birdəfəlik &ouml;dənilir.<br />\r\n	<br />\r\n	Aqrar sığorta m&uuml;qaviləsində sığorta haqqının hissə-hissə &ouml;dənilməsi nəzərdə tutulduğu halda sığorta haqqının &ouml;dənilməsi qaydası həmin m&uuml;qavilədə m&uuml;əyyən edilir.&nbsp;<strong>Hər bir halda sığortalı tərəfindən &ouml;dənilməli olan sığorta haqqının ilk hissəsi həmin məbləğin ən azı 25 faizini təşkil edir.</strong>&nbsp;Sığorta haqqının sığortalı tərəfindən &ouml;dənilməli olan hissəsinin tam &ouml;dənilməsi nəzərdə tutulduqda - hamısı, hissə-hissə &ouml;dənilməsi nəzərdə tutulduqda isə sığorta m&uuml;qaviləsində m&uuml;əyyən edilmiş ilk hissəsi aqrar sığorta m&uuml;qaviləsinin bağlandığı g&uuml;n &ouml;dənilir;</li>\r\n	<li>aqrar sığorta m&uuml;qaviləsində sığorta haqqının hissə-hissə &ouml;dənilməsi nəzərdə tutulduqda sığorta m&uuml;qaviləsi sığorta haqqının ilk hissəsinin &ouml;dənilməsindən sonra və ya sığorta haqqının tam &ouml;dənilməsi nəzərdə tutulduqda, onun tam &ouml;dənilməsindən sonra q&uuml;vvəyə minir.</li>\r\n</ul>\r\n\r\n<h2 style=\"text-align:center\">Sığorta hadisəsi olduqda</h2>\r\n\r\n<ul>\r\n	<li>sığorta hadisələri barədə məlumatı hadisənin baş vermə tarixindən 24 saat ərzində vasitə&ccedil;i aqrar sığorta&ccedil;ıya və ya idarəedici quruma, eyni zamanda qanunvericiliyə uyğun olaraq, həmin hadisə barədə məlumatlandırılmalı olan digər səlahiyyətli d&ouml;vlət orqanlarına məlumat verməlidir;</li>\r\n</ul>', 'aqrarnews_1643581111.pdf', 'aqrarnews_1643579789.jpg', 1, '2022-01-29 12:47:28', '2022-02-01 08:49:42', 1);

-- --------------------------------------------------------

--
-- Table structure for table `categories`
--

CREATE TABLE `categories` (
  `id` bigint(20) UNSIGNED NOT NULL,
  `title` varchar(255) COLLATE utf8mb4_unicode_ci NOT NULL,
  `status` tinyint(4) NOT NULL,
  `created_at` timestamp NULL DEFAULT NULL,
  `updated_at` timestamp NULL DEFAULT NULL
) ENGINE=InnoDB DEFAULT CHARSET=utf8mb4 COLLATE=utf8mb4_unicode_ci;

--
-- Dumping data for table `categories`
--

INSERT INTO `categories` (`id`, `title`, `status`, `created_at`, `updated_at`) VALUES
(7, 'Konstitusiyalar', 1, '2021-11-26 04:25:18', '2021-11-26 04:25:18'),
(8, 'Qanunlar', 1, '2021-11-26 04:25:29', '2021-11-26 04:25:29'),
(9, 'Fərmanlar', 1, '2021-11-26 04:25:39', '2021-11-26 04:25:39'),
(10, 'Sərəncamlar', 1, '2021-11-26 04:25:54', '2021-11-26 04:25:54'),
(11, 'Qərarlar', 1, '2021-11-26 04:26:03', '2021-11-26 04:26:03'),
(12, 'Dövlət proqramları', 1, '2021-11-26 04:26:18', '2021-11-26 04:26:18'),
(15, 'E-məktub yazmaq', 1, '2021-11-27 02:13:23', '2021-11-27 02:13:23'),
(16, 'Əsasnamə', 1, '2021-11-27 02:54:50', '2021-11-27 02:54:50'),
(17, 'Fermerlərə məsləhət', 1, '2021-11-27 02:55:01', '2021-11-27 02:55:01'),
(18, 'Hesabatlar', 1, '2021-11-28 13:27:38', '2021-11-28 13:27:38'),
(19, 'Xəbərlər', 1, '2021-11-29 01:17:37', '2021-11-29 01:17:37'),
(21, 'Kollegiya', 1, '2021-11-30 01:15:43', '2021-11-30 01:15:43'),
(26, 'Aqrar siğorta fondu', 1, '2022-01-27 03:08:54', '2022-01-27 03:08:54'),
(27, 'Fermerlərə məsləhət', 1, '2022-01-28 07:40:51', '2022-01-28 07:40:51'),
(28, 'Aqrar sığorta haqqında', 1, '2022-01-31 07:17:33', '2022-01-31 07:17:33'),
(29, 'Aqrar siğorta ilə bağlı maarifləndirici məlumatlar', 1, '2022-01-31 08:19:24', '2022-01-31 08:19:24');

-- --------------------------------------------------------

--
-- Table structure for table `colleges`
--

CREATE TABLE `colleges` (
  `id` bigint(20) UNSIGNED NOT NULL,
  `name` varchar(255) COLLATE utf8mb4_unicode_ci NOT NULL,
  `surname` varchar(255) COLLATE utf8mb4_unicode_ci DEFAULT NULL,
  `status` tinyint(4) NOT NULL,
  `created_at` timestamp NULL DEFAULT NULL,
  `updated_at` timestamp NULL DEFAULT NULL
) ENGINE=InnoDB DEFAULT CHARSET=utf8mb4 COLLATE=utf8mb4_unicode_ci;

--
-- Dumping data for table `colleges`
--

INSERT INTO `colleges` (`id`, `name`, `surname`, `status`, `created_at`, `updated_at`) VALUES
(18, 'İqtisadiyyat və maliyyə', 'şöbəsinin müdiri', 1, '2022-01-27 02:47:44', '2022-02-01 01:16:47'),
(19, 'Aparat', 'rəhbəri', 1, '2022-01-27 02:49:09', '2022-02-01 01:16:38'),
(20, 'Nazir', 'müavini', 1, '2022-01-27 02:49:18', '2022-02-01 01:16:30'),
(21, 'Kollegiyanın', 'üzvləri:', 1, '2022-01-27 02:49:31', '2022-01-28 08:55:19'),
(22, 'Nazir', NULL, 1, '2022-01-27 02:50:11', '2022-02-01 01:16:16'),
(23, 'Kollegiyanın', 'sədri:', 1, '2022-01-27 02:50:57', '2022-01-28 08:55:10');

-- --------------------------------------------------------

--
-- Table structure for table `failed_jobs`
--

CREATE TABLE `failed_jobs` (
  `id` bigint(20) UNSIGNED NOT NULL,
  `uuid` varchar(255) COLLATE utf8mb4_unicode_ci NOT NULL,
  `connection` text COLLATE utf8mb4_unicode_ci NOT NULL,
  `queue` text COLLATE utf8mb4_unicode_ci NOT NULL,
  `payload` longtext COLLATE utf8mb4_unicode_ci NOT NULL,
  `exception` longtext COLLATE utf8mb4_unicode_ci NOT NULL,
  `failed_at` timestamp NOT NULL DEFAULT current_timestamp()
) ENGINE=InnoDB DEFAULT CHARSET=utf8mb4 COLLATE=utf8mb4_unicode_ci;

-- --------------------------------------------------------

--
-- Table structure for table `laws`
--

CREATE TABLE `laws` (
  `id` bigint(20) UNSIGNED NOT NULL,
  `title` varchar(255) COLLATE utf8mb4_unicode_ci NOT NULL,
  `content` varchar(255) COLLATE utf8mb4_unicode_ci NOT NULL,
  `file` varchar(255) COLLATE utf8mb4_unicode_ci NOT NULL,
  `image` varchar(255) COLLATE utf8mb4_unicode_ci NOT NULL,
  `status` tinyint(4) NOT NULL,
  `created_at` timestamp NULL DEFAULT NULL,
  `updated_at` timestamp NULL DEFAULT NULL,
  `categories` int(11) DEFAULT NULL
) ENGINE=InnoDB DEFAULT CHARSET=utf8mb4 COLLATE=utf8mb4_unicode_ci;

--
-- Dumping data for table `laws`
--

INSERT INTO `laws` (`id`, `title`, `content`, `file`, `image`, `status`, `created_at`, `updated_at`, `categories`) VALUES
(18, 'Aqrar siğorta haqqında', '<p>Aqrar siğorta haqqında</p>', 'laws_1637865210.pdf', 'laws_1637865210.png', 1, '2021-11-25 14:33:30', '2021-11-29 02:14:48', 8),
(19, 'Arıçılıq haqqında', '<p>Arıçılıq haqqında<br></p>', 'laws_1637867226.pdf', 'laws_1637867226.png', 1, '2021-11-25 15:07:06', '2021-11-25 15:07:06', 8),
(20, 'Damazlıq heyvandarlıq haqqında', '<p>Damazlıq heyvandarlıq haqqında<br></p>', 'laws_1637867280.pdf', 'laws_1637867280.png', 1, '2021-11-25 15:08:00', '2021-11-25 15:08:00', 8),
(21, 'Ekoloji təmiz kənd təsərrüfatı haqqında', '<p>Ekoloji təmiz kənd təsərrüfatı haqqında<br></p>', 'laws_1637908046.pdf', 'laws_1637867323.png', 1, '2021-11-25 15:08:43', '2021-11-26 02:27:26', 8),
(22, 'Fitosanitar haqqında', '<p>Fitosanitar haqqında<br></p>', 'laws_1637915214.pdf', 'page_1637911348.png', 1, '2021-11-25 15:09:56', '2021-11-26 04:26:54', 8),
(25, 'Azərbaycan Respublikasının konstitusiyası', '<p>Azərbaycan Respublikasının konstitusiyası</p>', 'laws_1637916803.pdf', 'laws_1637916803.png', 1, '2021-11-26 04:53:23', '2021-11-26 04:53:23', 7),
(26, 'Naxçıvan Muxtar Respublikasının Konstitusiyası', '<p>Naxçıvan Muxtar Respublikasının Konstitusiyası</p>', '', 'laws_1637917021.png', 1, '2021-11-26 04:57:01', '2021-11-26 04:57:01', 7),
(27, 'Aqroliziq', '<p>Aqroziliq</p>', 'laws_1637917107.pdf', 'laws_1637917107.png', 1, '2021-11-26 04:58:27', '2021-11-26 04:58:27', 10),
(28, 'Arıçılıq', '<p>Arıçılıq<br></p>', 'laws_1637917177.pdf', 'laws_1637917177.png', 1, '2021-11-26 04:59:37', '2021-11-26 04:59:37', 12),
(29, 'Baytarlığın inkişafı', '<p>Baytarlığın inkişafı<br></p>', 'laws_1637917208.pdf', 'laws_1637917208.png', 1, '2021-11-26 05:00:08', '2021-11-26 05:00:08', 12),
(30, 'Meyvəçilik', '<p>Meyvə&ccedil;ilik<br />\r\n&nbsp;</p>', 'laws_1637917243.pdf', 'laws_1637917243.png', 1, '2021-11-26 05:00:43', '2021-11-29 01:35:21', 12);

-- --------------------------------------------------------

--
-- Table structure for table `migrations`
--

CREATE TABLE `migrations` (
  `id` int(10) UNSIGNED NOT NULL,
  `migration` varchar(255) COLLATE utf8mb4_unicode_ci NOT NULL,
  `batch` int(11) NOT NULL
) ENGINE=InnoDB DEFAULT CHARSET=utf8mb4 COLLATE=utf8mb4_unicode_ci;

--
-- Dumping data for table `migrations`
--

INSERT INTO `migrations` (`id`, `migration`, `batch`) VALUES
(1, '2014_10_12_000000_create_users_table', 1),
(2, '2014_10_12_100000_create_password_resets_table', 1),
(3, '2019_08_19_000000_create_failed_jobs_table', 1),
(4, '2021_11_08_185635_create_admins_table', 1),
(5, '2021_11_08_191601_create_sliders_table', 1),
(6, '2021_11_08_192623_create_news_table', 1),
(7, '2021_11_08_194302_create_categories_table', 1),
(8, '2021_11_08_194625_create_pages_table', 1),
(9, '2021_11_08_194714_create_settings_table', 1),
(10, '2021_11_08_194855_create_laws_table', 1),
(11, '2021_11_08_201820_create_photo_galleries_table', 1),
(12, '2021_11_08_202253_create_gallery_images_table', 1),
(13, '2021_11_08_202924_create_videos_table', 1),
(14, '2021_11_08_203645_create_personal_access_tokens_table', 1),
(15, '2021_11_22_074136_create_admins_table', 2),
(16, '2021_11_25_131015_create_gallery_table', 3),
(17, '2021_11_26_071036_add_categories_to_laws_table', 4),
(18, '2021_11_26_091952_create_report_table', 5),
(19, '2021_11_26_104611_add_status_to_report_table', 6),
(20, '2021_11_26_112111_create_reports_table', 7),
(21, '2021_11_26_113118_create_reports_table', 8),
(22, '2021_11_26_120107_create_hesabat_table', 9),
(23, '2021_11_26_124442_add_categories_to_pages_table', 10),
(24, '2021_11_26_125655_create_static_pages_table', 10),
(25, '2021_11_26_125934_create_static_pages_table', 11),
(26, '2021_11_26_202833_create_photos_table', 12),
(27, '2021_11_27_084714_create_contact_table', 13),
(28, '2021_11_29_051221_create_pages_table', 14),
(29, '2021_11_29_060419_create_static_pages_table', 15),
(30, '2021_11_29_081823_create_settings_table', 16),
(31, '2021_11_29_182852_create_colleges_table', 17),
(32, '2021_11_30_054839_create_colleges_table', 18),
(33, '2021_11_30_055154_create_colleges_table', 19),
(34, '2021_11_30_101357_create_news_table', 20),
(35, '2021_11_30_112314_create_sliders_table', 21),
(36, '2021_12_01_105900_create_news_image_table', 22),
(37, '2021_12_01_130505_create_news_images_table', 23),
(38, '2022_01_29_085020_create_aqrarcategories_table', 24),
(40, '2022_01_29_113523_create_aqrarnews_table', 25),
(42, '2022_01_29_124548_add_category_id_to_aqrarnews_table', 26);

-- --------------------------------------------------------

--
-- Table structure for table `news`
--

CREATE TABLE `news` (
  `id` bigint(20) UNSIGNED NOT NULL,
  `title` varchar(255) COLLATE utf8mb4_unicode_ci NOT NULL,
  `category_id` int(11) NOT NULL,
  `image` varchar(255) COLLATE utf8mb4_unicode_ci NOT NULL,
  `content` longtext COLLATE utf8mb4_unicode_ci NOT NULL,
  `status` tinyint(4) NOT NULL,
  `created_at` timestamp NULL DEFAULT NULL,
  `updated_at` timestamp NULL DEFAULT NULL
) ENGINE=InnoDB DEFAULT CHARSET=utf8mb4 COLLATE=utf8mb4_unicode_ci;

--
-- Dumping data for table `news`
--

INSERT INTO `news` (`id`, `title`, `category_id`, `image`, `content`, `status`, `created_at`, `updated_at`) VALUES
(25, 'Payız-qış mövsümünə hazırlıqla bağlı görülən işlər və qarşıda duran vəzifələr müzakirə edilib', 19, 'news_1638439911.jpg', '<p style=\"text-align:justify\"><span style=\"font-size:16px\">Nax&ccedil;ıvan Muxtar Respublikası Kənd Təsərr&uuml;fatı Nazirliyində ke&ccedil;irilən tədbiri giriş s&ouml;z&uuml; ilə a&ccedil;an kənd təsərr&uuml;fatı naziri Bəhruz Bayramov aidiyyəti &uuml;zrə tapşırıqlar verərək qeyd edib ki, bu g&uuml;n əhalinin maddi rifahının yaxşılaşdırılması &uuml;&ccedil;&uuml;n kənd təsərr&uuml;fatının inkişafı, bazarda yerli məhsulların &uuml;st&uuml;nl&uuml;k təşkil etməsi, kəndlinin &ouml;z torpaqlarından səmərəli istifadəsi ən vacib amillərdən biridir. Bu istiqamətdə muxtar respublikada həyata ke&ccedil;irilən məqsədy&ouml;nl&uuml; tədbirlər kənd təsərr&uuml;fatının dinamik inkişafını təmin etməklə yanaşı, həm də sahibkarlığın artması istiqamətində &ouml;z m&uuml;sbət təsirini g&ouml;stərir. Bununla yanaşı, hazırda muxtar respublikada taxıl&ccedil;ılıq, tərəvəz&ccedil;ilik, meyvə&ccedil;ilik, &uuml;z&uuml;m&ccedil;&uuml;l&uuml;k və digər sahələrin inkişafı stimullaşdırılır, fermerlərə g&uuml;zəştli kreditlərdən və aqrolizinq xidmətlərindən daha geniş istifadə imkanları yaradılır, əkin sahələri genişləndirilir. Eyni zamanda ərzaq təhl&uuml;kəsizliyinin m&ouml;hkəmləndirilməsində x&uuml;susi əhəmiyyətə malik olan ailə-fermer təsərr&uuml;fatlarına yeni innovasiyaların tətbiqi, intensiv metodlara əsaslanan m&uuml;asir təsərr&uuml;fatların yaradılmasına d&ouml;vlət dəstəyi davam etdirilir. Diqqətə &ccedil;atdırılıb ki, muxtar respublikada aparılan meliorasiya, irriqasiya tədbirlərinin, lizinq xidmətinin genişləndirilməsi, taxıl və soyuducu anbarların tutumunun artırılması, istixana komplekslərinin, quş&ccedil;uluq və balıq&ccedil;ılıq təsərr&uuml;fatlarının, meyvətərəvəz emalı m&uuml;əssisələrinin işə salınması kənd təsərr&uuml;fatının s&uuml;rətli inkişafına əlverişlişərait yaratmışdır. Eyni zamanda payızlıq taxıl əkini ilə əlaqədar olaraq şum və səpin aparmaq &uuml;&ccedil;&uuml;n 771 ədəd təkərli, 67 ədəd tırtıllı, 118 ədəd taxılsəpən, 403 ədəd kotan, 78 ədəd &ccedil;izel və şırıma&ccedil;an, 38 ədəd toxumtəmizləyən, 287 ədəd lafet saz vəziyyətə gətirilmişdir.</span></p>\r\n\r\n<p style=\"text-align:justify\"><span style=\"font-size:16px\">Vurğulanıb ki, təsərr&uuml;fat işlərinin m&uuml;təşəkkil və optimal surətdə ke&ccedil;irilməsində kənd təsərr&uuml;fatı texnikasının sazlığının başlıca şərtlərdən olmasını nəzərə alaraq nazirliyin texniki nəzarət və aqroservis sektoru tərəfindən texnikaların sazlığı vəziyyəti &ouml;yrənilmiş, lazım olan ehtiyat hissələrinin alınıb gətirilməsi və sahibkarlara &ccedil;atdırılması &uuml;&ccedil;&uuml;n tədbirlər həyata ke&ccedil;irilmişdir. Bəhruz Bayramov 2021- 2022-ci illərin payız-qış m&ouml;vs&uuml;m&uuml; ilə əlaqədar olaraq qarşıda duran vəzifələrə hazırlıq məqsədilə nəzərdə tutulan tədbirlər barədə məlumat verib. Sonra məruzə ətrafında &ccedil;ıxışlar olub.</span></p>\r\n\r\n<p>&nbsp;</p>', 1, '2021-12-02 06:11:51', '2022-01-31 09:12:20'),
(26, 'Kəngərli rayonunda seminar-müşavirə keçirilib', 19, 'news_1638440006.png', '<p style=\"text-align:justify\"><span style=\"font-size:16px\">Nax&ccedil;ıvan Muxtar Respublikası Kənd Təsərr&uuml;fatı Nazirliyi Kəngərli Rayon İcra Hakimiyyəti ilə birgə Xok kəndində ailə təsərr&uuml;fat&ccedil;ıları &uuml;&ccedil;&uuml;n&nbsp;&nbsp;maarifləndirici seminar-m&uuml;şavirə ke&ccedil;irib. Tədbirdə əkin atlaslarına uyğun əkinlərin həyata ke&ccedil;irilməsi, yağ &uuml;&ccedil;&uuml;n qarğıdalı və g&uuml;nəbaxan bitkilərinin əkilib-becərilmə texnologiyası, bu kimi bitkilərin əkinin genişləndirilməsi və iqtisadi səmərəsi, həm&ccedil;inin payız şumunun aqrotexniki qaydalar əsasında aparılmasının&nbsp;&nbsp;əhəmiyyətindən danışılıb.</span></p>\r\n\r\n<p style=\"text-align:justify\"><span style=\"font-size:16px\">M&uuml;şavirəni Kəngərli Rayon İcra Hakmiyyətinin n&uuml;mayəndəsi Ağa Seyidov a&ccedil;araq b&ouml;lgədə torpaqların m&uuml;nbitliyinin artırılması,&nbsp;&nbsp;əkinlərin əkin atlaslarına uyğun həyata ke&ccedil;irilməsi, x&uuml;susən də taxıl əkini sahələrinin genişləndirilməsi məsələlərindən danışıb. O torpaq m&uuml;lkiyyət&ccedil;ilərinin&nbsp;&nbsp; iqtisadi səmərə gətirə bilən qarğıdalı və g&uuml;nəbaxan kimi bitkilərin əkilib-becərilməsinə də marağının artdığının bildirərk &nbsp;qeyd edib ki, builki m&ouml;vs&uuml;mdə rayonda 162 hektar sahədə qarğıdalı, 53 hektarda isə g&uuml;nəbaxan əkilib.&nbsp;&nbsp;Hazırda əsas diqqət payızlıq şumun keyfiyyətlə həyata ke&ccedil;irilməsinə və toxum tədar&uuml;k&uuml;nə y&ouml;nəldilib.</span></p>\r\n\r\n<p style=\"text-align:justify\">&nbsp;</p>\r\n\r\n<p style=\"text-align:justify\"><span style=\"font-size:16px\">Nax&ccedil;ıvan Muxtar Respublikası Kənd Təsərr&uuml;fatı Nazirliyinin ş&ouml;bə m&uuml;diri Xaliq Abbasov əkin atlaslarından istifadə edərək y&uuml;ksək məhsuldarlığa nail olunmasından, aqrar sahədə qəbul edilən d&ouml;vlət proqramalarının icra vəziyyətindən danışıb, x&uuml;susən də&nbsp;&nbsp;yağ &uuml;&ccedil;&uuml;n qarğıdalı və g&uuml;nəbaxan&nbsp; kimi iqtisadi səmərə gətirən bitkilərin əkilib-becərilmə texnologiyasından danışaraq&nbsp; bildirib ki, torpaqların m&uuml;nbitliyinin artırılması, mineral və &uuml;zv&uuml; g&uuml;brələrdən səmərəli istifadə kənd təsərr&uuml;fatında yağlı bitkilər hesab edilən qarğıdalı və g&uuml;nəbaxan sahələrindən bol məhsul g&ouml;t&uuml;rməyə imkan verir.</span></p>\r\n\r\n<p style=\"text-align:justify\"><span style=\"font-size:16px\">Bu kimi bitkilərdən alınan məhsul həm də sənaye sahəsində&nbsp;&nbsp;keyfiyyəti xammal kimi istifadə olunur.</span></p>\r\n\r\n<p style=\"text-align:justify\"><span style=\"font-size:16px\">Kənd Təsərr&uuml;fatı Nazirliyinin ş&ouml;bə m&uuml;diri Bəhruz Qasımov sahələrdən bol məhsul tədar&uuml;k edilməsində vacib amillərdən olan y&uuml;ksək repreduksiyalı toxumun se&ccedil;ilməsindən və toxumların dərmanlanmasının əhəmiyyətindən, nazirliyin sektor m&uuml;diri Valeh Mehdiyev əkindən əvvəl torpaqların analiz edilərək torpaqda &ccedil;atışmayan mikroelemetləri &uuml;zvi və mineral g&uuml;brələr vasitəsilə torpağa verilərək &nbsp;keyfiyyətli payız şumunun qaldırılmasında m&uuml;asir texnika və avadanlıqların rolunun əhəmiyyətindən bəhs ediblər.</span></p>\r\n\r\n<p style=\"text-align:justify\"><span style=\"font-size:16px\">Sonda &nbsp;ailə təsərr&uuml;fat&ccedil;ılarını maraqlandıran suallar m&uuml;təxəssislər tərəfindən ətraflı cavablandırılıb. Onlara g&uuml;nəbaxan və qarğıdalı kimi yağlı bitkilərin əkillib-becərilməsi texnologiyası, həm&ccedil;inin iqtisadi səmərəsi, torpağın əsas becərilməsi barədə hazırlanan yaddaş kitab&ccedil;aları paylanılıb.</span></p>\r\n\r\n<p style=\"text-align:right\">&nbsp;</p>\r\n\r\n<p style=\"text-align:right\"><span style=\"font-size:16px\"><strong><strong><em>Nax&ccedil;ıvan Muxtar Respublikası</em></strong></strong></span></p>\r\n\r\n<p style=\"text-align:right\"><span style=\"font-size:16px\"><em><strong><strong>Kənd&nbsp;</strong><strong>Təsərr&uuml;fatı&nbsp;</strong><strong>Nazirliyinin&nbsp; mətbuat xidməti</strong></strong></em></span></p>\r\n\r\n<p>&nbsp;</p>', 1, '2021-12-02 06:13:26', '2021-12-02 06:13:26'),
(27, 'Topraq mülkiyyətçilərinin iştirakı ilə müşavirə keçirilib', 19, 'news_1638440079.jpg', '<p style=\"text-align:justify\"><span style=\"font-size:16px\">Nax&ccedil;ıvan Muxtar Respublikası Kənd Təsərr&uuml;fatı Nazirliyinin əməkdaşları Babək Rayon İcra Hakimiyyəti ilə birlikdə rayonun Cəhri qəsəbəsində Nax&ccedil;ıvan Muxtar Respublikasında aqrar sahənin inkişafı ilə əlaqədar qəbul olunmuş d&ouml;vlət proqramlarının əhəmiyyəti və qarşıya qoyulan vəzifələrin icra edilməsi, payız şumunun qaldırılmasında m&uuml;asir texnika və avadanlıqların rolu, toxumların dərmanlanmasının əhəmiyyəti m&ouml;vzularında torpaq m&uuml;lkiyyət&ccedil;ilərinin iştirakı &nbsp;ilə tarla-seminar m&uuml;şavirəsi ke&ccedil;iriblər.</span></p>\r\n\r\n<p style=\"text-align:justify\"><span style=\"font-size:16px\">M&uuml;şavirəni Babək Rayon İcra Hakimiyyətinin əməkdaşı Azər H&uuml;mbətov a&ccedil;araq bildirib ki, Babək rayonunda kənd təsərr&uuml;fatının inkişaf etdirilməsinə dair qəbul edilən qərarlar, reallaşan d&ouml;vlət proqramları kənd təsərr&uuml;fatı məhsullarının sənaye sahəsinə y&ouml;nəldilməsinə və ixracına şərait yaratmışdır. Bu da əhalinin iqtisadi gəlirlərinin artmasına səbəb olmuşdur.</span></p>\r\n\r\n<p style=\"text-align:justify\"><span style=\"font-size:16px\">Nax&ccedil;ıvan Muxtar Respublikası Kənd Təsərr&uuml;fatı Nazirliyinin ş&ouml;bə m&uuml;diri Xaliq Abbasov qeyd edib ki, muxtar respublika şəraitində kənd təsərr&uuml;fatı bitkilərinin əkin atlaslarına uyğun aparılmasının&nbsp; torpaqların m&uuml;nbitliyinin qorunmasında və məhsuldarlığın y&uuml;ksəldilməsində b&ouml;y&uuml;k rolu vardır. Belə ki, əkin atlaslarına uyğun ke&ccedil;irilən əkinlərdə bitkilərin &uuml;zvi və mineral g&uuml;brələrlə təminatı aqrotexniki tələblərə uyğun olur, sahələrdən bol məhsul g&ouml;t&uuml;r&uuml;l&uuml;r.</span></p>\r\n\r\n<p style=\"text-align:justify\"><span style=\"font-size:16px\">Nazirliyin baş məsləhət&ccedil;isi Səməddin Əsgərov &ccedil;ıxış edərək vurğulayıb ki, əkin sahələrindən y&uuml;ksək məhsul əldə olunmasında pestisidlərin rolu b&ouml;y&uuml;kd&uuml;r. Sahələrdə xəstəlik və zərərvericilərə qarşı m&uuml;barizə tədbirlərinin vaxtında aparılmaması məhsuldarlığın aşağı d&uuml;şməsinə təsir edəcəkdir. Payız şumunun vaxtında və aqrotexniki qaydalara uyğun aparılması torpaqda olan bəzi zərərvericilərin s&uuml;rfələrinin dərin qatlara d&uuml;şərək məhv olmasına şərait yaradır. Xəstəlik və zərərvericilərin qarşısının alınmasında səpindən qabaq toxumların dərmanlanmasının da &nbsp;b&ouml;y&uuml;k əhəmiyyəti vardır.</span></p>\r\n\r\n<p style=\"text-align:justify\"><span style=\"font-size:16px\">Nazirliyin sektor m&uuml;diri Valeh Mehdiyev payız şumunun qaldırılmasında m&uuml;asir kənd təsərr&uuml;fatı texnika və avadanlıqların rolundan danışıb.</span></p>\r\n\r\n<p style=\"text-align:justify\"><span style=\"font-size:16px\">Sonda torpaq m&uuml;lkiyyət&ccedil;ilərini maraqlandıran suallar cavablandırılıb, m&uuml;təxəssislər tərəfindən hazırlanan maarifləndirici bukletlər m&uuml;şavirə iştirak&ccedil;ılarına paylanıb.</span></p>\r\n\r\n<p style=\"text-align:right\"><span style=\"font-size:16px\"><strong>Nax&ccedil;ıvan Muxtar Respublikası Kənd Təsərr&uuml;fatı</strong></span></p>\r\n\r\n<p style=\"text-align:right\"><span style=\"font-size:16px\"><strong>Nazirliyinin&nbsp; mətbuat xidməti</strong></span></p>', 1, '2021-12-02 06:14:39', '2021-12-02 06:14:39'),
(28, 'Arıçıların iştirakı ilə seminar-müşavirə keçirilib', 19, 'news_1638440142.jpg', '<p style=\"text-align:justify\"><span style=\"font-size:16px\">Nax&ccedil;ıvan Muxtar Respublikası Kənd Təsərr&uuml;fatı, İqtisadiyyat, Ekologiya və Təbii Sərvətlər nazirliklərinin, Antiinhisar və İstehlak Bazarına Nəzarət D&ouml;vlət Xidmətinin, D&ouml;vlət Baytarlıq Xidmətinin, &ldquo;Nax&ccedil;ıvan Muxtar Respublikası D&ouml;vlət Sığorta Xidməti&rdquo; publik h&uuml;quqi şəxsinin, AMEA Nax&ccedil;ıvan B&ouml;lməsinin və &ldquo;Nax&ccedil;ıvan Muxtar RespublikasıArı&ccedil;ıları&rdquo; İctimai Birliyinin əməkdaşları Şərur Rayon İcra Hakimiyyəti ilə birgə arı&ccedil;ılıq təsərr&uuml;fatı sahibkarlarının iştirakı ilə &ldquo;Payız m&ouml;vs&uuml;m&uuml;ndə arıxanalarda baytarlıq tədbirlərinin aparılmasının və arıxanaları qışlamaya hazırlamağın əhəmiyyəti&rdquo; m&ouml;vzusunda seminar-m&uuml;şavirə ke&ccedil;iriblər. M&uuml;şavirəni Şərur Rayon İcra Hakimiyyətinin əməkdaşı Yasin Seyidov a&ccedil;araq rayonda arı&ccedil;ılığın inkişafından və g&ouml;stərilən d&ouml;vlət dəstəyindən danışıb. Nax&ccedil;ıvan Muxtar Respublikası Kənd Təsərr&uuml;fatı Nazirliyinin ş&ouml;bə m&uuml;diri Əyyub Abdullayev &ccedil;ıxış edərək vurğulayıb ki, Nax&ccedil;ıvan Muxtar Respublikası Ali Məclisi Sədrinin Sərəncamı ilə təsdiq edilmiş &ldquo;2017-2022-ci illərdə Nax&ccedil;ıvan Muxtar Respublikasında arı&ccedil;ılığın inkişafı &uuml;zrə D&ouml;vlət Proqramı&rdquo;nın və Nax&ccedil;ıvan Muxtar Respublikasında arı&ccedil;ılığın inkişafı ilə bağlı tədbirlər planının icrasına uyğun olaraq bu sahənin inkişafı d&ouml;vlət tərəfindən daim dəstəklənərək sahibkarlara subsidiya, kredit, pulsuz arı dərmanları verilir. Arı ailələrinin k&ouml;&ccedil;&uuml;r&uuml;lməsi &uuml;&ccedil;&uuml;n ərazilər ayrılır, bal s&uuml;zən dəzgahların və arı pətəklərinin lizinq qaydasında sahibkarlara satılması, arı&ccedil;ılıq məhsullarının satışı &uuml;&ccedil;&uuml;n təşkil olunan &ldquo;Arı&ccedil;ılıq məhsulları &ndash; bal festival&rdquo;ları və yarmarkalar arı&ccedil;ılıqla məşğul olan sahibkarlara stimul verir. &ldquo;Nax&ccedil;ıvan Muxtar Respublikası Arı&ccedil;ıları&rdquo; İctimai Birliyinin sədri Etibar Məmmədov, D&ouml;vlət Baytarlıq Xidmətinin sektor m&uuml;diri H&uuml;seyn Məmmədov və tədbirdə iştirak edən d&ouml;vlət qurumlarının əməkdaşları m&ouml;vzu ətrafında &ccedil;ıxışlar edərək arı&ccedil;ılıqda məhsuldarlığın artırılmasında vacib mənbələrdən biri kimi arı ailələrinin payızda qışlamaya hazırlanması işinin d&uuml;zg&uuml;n təşkili və arıxanalarda cavan arı analarının olmasının b&ouml;y&uuml;k əhəmiyyətindən danışıblar. Sonda təsərr&uuml;fat&ccedil;ıları maraqlandıran suallar cavablandırılıb, m&uuml;təxəssislər tərəfindən hazırlanan maarifləndirici bukletlər m&uuml;şavirə iştirak&ccedil;ılarına paylanıb.</span></p>\r\n\r\n<p style=\"text-align:right\"><span style=\"font-size:16px\"><strong>Nax&ccedil;ıvan Muxtar Respublikası Kənd Təsərr&uuml;fatı</strong></span></p>\r\n\r\n<p style=\"text-align:right\"><span style=\"font-size:16px\"><strong>Nazirliyinin mətbuat xidməti</strong></span></p>', 1, '2021-12-02 06:15:42', '2021-12-02 06:15:42'),
(29, 'Naxçıvanda “Arıçılıq məhsulları-bal satış yarmarkası” keçirilib', 19, 'news_1638440248.png', '<p style=\"text-align:justify\"><span style=\"font-size:16px\">Muxtar respublikanın iqlim şəraiti, zəngin bitki &ouml;rt&uuml;y&uuml; bu ərazidə qədim zamanlardan bəri insanların arı&ccedil;ılıq təsərr&uuml;fatı ilə məşğul olmasına əlverişli şərait yaratmışdır. Bu g&uuml;n d&ouml;vlət tərəfindən həyata ke&ccedil;irilən aqrar islahatlarda arı&ccedil;ılığın inkişafına x&uuml;susi &ouml;nəm verilir. Nax&ccedil;ıvan Muxtar Respublikası Ali Məclisi Sədrinin 18 noyabr 2016-cı il tarixli Sərəncamı ilə təsdiq edilmiş &ldquo;2017-2022-ci illərdə Nax&ccedil;ıvan Muxtar Respublikasında arı&ccedil;ılığın inkişafı &uuml;zrə D&ouml;vlət Proqramı&rdquo;nın icrası arı&ccedil;ılıq təsərr&uuml;fatlarının sayının ilbəil artmasına səbəb olmuşdur. Nax&ccedil;ıvan şəhərində ke&ccedil;irilən &ldquo;Arı&ccedil;ılıq məhsulları-bal satış yarmarkası&rdquo; da arı&ccedil;ılar &uuml;&ccedil;&uuml;n geniş imkanlar a&ccedil;ır.</span></p>\r\n\r\n<p style=\"text-align:justify\"><span style=\"font-size:16px\">Oktyabrın 16-da &ldquo;Nax&ccedil;ıvanqala&rdquo; Tarix-Memarlıq Muzey Kompleksində &ldquo;Arı&ccedil;ılıq məhsulları-bal satış yarmarkası&rdquo; ke&ccedil;irilmişdir.</span></p>\r\n\r\n<p style=\"text-align:justify\"><span style=\"font-size:16px\">Nax&ccedil;ıvan Muxtar Respublikası Ali Məclisinin Sədri Vasif Talıbov satış yarmarkasında iştirak etmişdir.</span></p>\r\n\r\n<p style=\"text-align:justify\"><span style=\"font-size:16px\">Nax&ccedil;ıvan D&ouml;vlət Universitetinin m&uuml;əllimləri bal s&uuml;zgəci, yeni nəsil pətəklər, vərəmum toplayan, &ccedil;ər&ccedil;ivə teli gərmə, &ccedil;i&ccedil;ək tozu toplayan alətlər, arı&ccedil;ının rahat işləməsi &uuml;&ccedil;&uuml;n istifadə ediləcək yanmaz əlcəklər, yabanı arı tələsi, yem qabları, arı&ccedil;ının iş masası, elektrikli bal isitmə və &ccedil;&ouml;kd&uuml;rmə qazanı, balı s&uuml;zmə aparatı, eləcə də arı məhsullarından hazırlanan dodaq balzamı, gil maskası, əl kremi, m&uuml;xtəlif faizli spreylər, kəklikotulu, nanəli, propolis və m&uuml;xtəlif &ccedil;eşiddə sabunlar haqqında ətraflı məlumat vermişlər.</span></p>\r\n\r\n<p style=\"text-align:justify\">&nbsp;</p>\r\n\r\n<p style=\"text-align:justify\"><span style=\"font-size:16px\">Ali Məclisin Sədri arı&ccedil;ılarla s&ouml;hbət etmiş, bal və arı&ccedil;ılıq məhsullarından almış, onların qayğıları ilə maraqlanmışdır.</span></p>\r\n\r\n<p style=\"text-align:justify\"><span style=\"font-size:16px\">Baxış zamanı məlumat verilmişdir ki, satış yarmarkasına muxtar respublikanın şəhər və rayonlarında fəaliyyət g&ouml;stərən 301 arı&ccedil;ı tərəfindən 17 tondan artıq s&uuml;zmə, 3 tondan artıq şan bal, arı s&uuml;d&uuml;, mum, vərəmum, &ccedil;i&ccedil;ək tozu, g&uuml;ləm, bal arağı və baldan hazırlanmış şirniyyatlar &ccedil;ıxarılmışdır. Nax&ccedil;ıvan balı &ouml;z dadı, ətri, g&ouml;r&uuml;n&uuml;ş&uuml;, həm&ccedil;inin bir sıra keyfiyyət g&ouml;stəricilərinə g&ouml;rə Azərbaycanda, eyni zamanda qonşu &ouml;lkələrdə yaxşı tanınır və y&uuml;ksək qiymətləndirilir. Son illər Nax&ccedil;ıvanda arı&ccedil;ılıq sahəsində aparılan elmi araşdırmaların həcmi &ccedil;oxalmış, bu sahəyə dair kitab və dərsliklər nəşr olunmuşdur. Balla yanaşı, vərəmum, &ccedil;i&ccedil;ək tozu, g&uuml;ləm, arı s&uuml;d&uuml; və digər arı&ccedil;ılıq məhsulları y&uuml;ksək tibbi əhəmiyyətə malikdir.</span></p>\r\n\r\n<p style=\"text-align:justify\"><span style=\"font-size:16px\">Nax&ccedil;ıvan şəhərindən olan arı&ccedil;ı Məhərrəm Eyvazov minnətdarlıq edərək demişdir: &ldquo;Bu g&uuml;n bizim &uuml;&ccedil;&uuml;n ikiqat bayramdır. Tarixi Qələbəni qeyd edirik. Bu qələbənin qazanılmasında Nax&ccedil;ıvandan olan igid oğulların da payı vardır. Bunu &ouml;lkə baş&ccedil;ısı cənab İlham Əliyev bu il mayın 10-da Nax&ccedil;ıvana səfəri zamanı qeyd etmiş, Nax&ccedil;ıvanın s&uuml;rətlə inkişaf etdiyini bildirmişdir. Biz də bu inkişafdan bəhrələnərək təsərr&uuml;fatımızı genişləndiririk&rdquo;.</span></p>\r\n\r\n<p style=\"text-align:justify\"><span style=\"font-size:16px\">&ldquo;Nax&ccedil;ıvan məhsulları&rdquo; publik h&uuml;quqi şəxsin stendində məlumat verilmişdir ki, stenddə 5 m&uuml;əssisənin 8 məhsulu sərgilənir, m&uuml;xtəlif &ccedil;əkilərdə olan ballardan hədiyyəliklər n&uuml;mayiş etdirilir.</span></p>\r\n\r\n<p style=\"text-align:justify\"><span style=\"font-size:16px\">G&uuml;nn&uuml;t kəndindən&nbsp;olan&nbsp;arı&ccedil;ı Fikrət Məmmədov minnətdarlıq edərək demişdir:&nbsp; &ldquo;Bu g&uuml;n arı&ccedil;ılar &uuml;&ccedil;&uuml;n hər c&uuml;r şərait&nbsp; yaradılmışdır. G&uuml;nn&uuml;t kəndinin arı&ccedil;ıları da bu şəraitdən səmərəli istifadə edərək kənd təsərr&uuml;fatı &uuml;&ccedil;&uuml;n əhəmiyyətli olan bu sahəni inkişaf etdirməyə &ccedil;alışırlar&rdquo;.</span></p>\r\n\r\n<p style=\"text-align:justify\"><span style=\"font-size:16px\">Cəlilkənddən olan arı&ccedil;ı Familə Mirzəyeva demişdir: &ldquo;Muxtar respublikadahəyata ke&ccedil;irilən tədbirlər ailə təsərr&uuml;fat&ccedil;ılarını daha da ruhlandırır, onlar məhsullarını artırırlar. 20 arı ailəm var,1 hektar sahədə sarımsaq əkmişəm. Gələcəkdə 3 hektarda taxıl əkməyi nəzərdə tuturam. Muxtar respublikadaailə təsərr&uuml;fat&ccedil;ıları &uuml;&ccedil;&uuml;n hər c&uuml;r şərait yaradılır, yeni iş yerləri a&ccedil;ılır. Mən dəistifadəyə verildikdən sonra Şərur Sənaye Məhəlləsində istehsal olunacaq qarğıdalı yağına &ouml;z t&ouml;hfəmi vermək &uuml;&ccedil;&uuml;n gələcəkdə eyni zamanda qarğıdalı əkməyi planlaşdırıram&rdquo;.</span></p>\r\n\r\n<p style=\"text-align:justify\"><span style=\"font-size:16px\">Sələs&uuml;z kəndindən olan arı&ccedil;ı Ehtibar Məmmədov minnətdarlıq edərək demişdir ki, bu il son 10 ilin ən y&uuml;ksək məhsulun g&ouml;t&uuml;rm&uuml;ş&uuml;k. İndi bazarlarda kənd adamlarının istehsal etdikləri yerli məhsullara &uuml;st&uuml;nl&uuml;k verilməsi, həm də satış yarmarkalarının ke&ccedil;irilməsi məhsulumuzun daha &ccedil;ox satılması ilə nəticələnir. Bu da təsərr&uuml;fatımı genişləndirməyə imkan verir. Bir sıra arı&ccedil;ılıq məhsulları ixrac edir, bazarlarda he&ccedil; bir &ccedil;ətinlik &ccedil;əkmədən satışını həyata ke&ccedil;iririk. Artıq yeni layihə əsasında ana arı yetişdirməyə hazırlaşırıq.</span></p>\r\n\r\n<p style=\"text-align:justify\"><span style=\"font-size:16px\">Babək rayon Gərmə&ccedil;ataq kənd sakini Mətləb Quliyev &ouml;z təsərr&uuml;fatının inkişafından danışaraq demişdir ki, yaradılan şəraitin nəticəsidir ki, 5-6 il əvvəl 20 arı ailəm olmasına baxmayaraq, hazırda 70 arı ailəsi saxlayıram. Eyni zamanda ucqar dağ kəndi olan Gərmə&ccedil;ataqda quruculuq tədbirlərinin həyata ke&ccedil;irilməsi nəticəsində 3 ailə geri qayıtmış, kənddə hazırda 2 yeni ev inşa olunur.</span></p>\r\n\r\n<p style=\"text-align:justify\"><span style=\"font-size:16px\">Sədərək rayonundan olan arı&ccedil;ı Nadir Bağırov demişdir ki, arı&ccedil;ı sahibkarların dərmanla təmin edilməsi, hər bir arı ailəsinə g&ouml;rə subsidiyanın və arı&ccedil;ılara g&uuml;zəştli kreditlərin verilməsi bu sahənin inkişafına geniş imkanlar a&ccedil;mışdır. Məhsullarımızı rahat şəkildə satır, b&uuml;dcəmizi zənginləşdiririk. Eyni zamanda təsərr&uuml;fat adamlarının əməyi d&ouml;vlətimiz tərəfindən y&uuml;ksək qiymətləndirilir. Bu da məsuliyyətimizi artırır, daha həvəslə işləyirik. G&uuml;n o g&uuml;n olsun, Kərki balının satışını həyata ke&ccedil;irək.</span></p>\r\n\r\n<p style=\"text-align:justify\"><span style=\"font-size:16px\">Satış yarmarkasında məhkumların əl işləri, eləcə də qadınların m&uuml;xtəlif &ccedil;eşiddə əl işləri və istehsal etdikləri bal məhsulları da maraqla qarşılanmışdır.</span></p>\r\n\r\n<p style=\"text-align:justify\"><span style=\"font-size:16px\">Ordubad rayonundan olan arı&ccedil;ı İsmayıl Əliyev &ouml;z arı&ccedil;ılıq təsərr&uuml;fatında tətbiq etdiyi təcr&uuml;bəni və &ouml;z&uuml;n&uuml;n hazırladığı arı yeşiklərini təqdim etmişdir.</span></p>\r\n\r\n<p style=\"text-align:justify\"><span style=\"font-size:16px\">Ali Məclisin Sədri aid qurumlar tərəfindən bu c&uuml;r təkliflərin dəyərləndirilməsi barədə tapşırıq vermişdir.</span></p>\r\n\r\n<p style=\"text-align:justify\"><span style=\"font-size:16px\">Arı&ccedil;ılar Birliyinin sədri Etibar Məmmədovvə digər arı&ccedil;ılarminnətdarlıq edərək demişlər ki, arı&ccedil;ılığa g&ouml;stərilən d&ouml;vlət qayğısı sayəsində muxtar respublikada arı&ccedil;ılıq &ouml;z&uuml;n&uuml;n inkişaf d&ouml;vr&uuml;n&uuml; yaşayır.Bu c&uuml;r tədbirlərin ke&ccedil;irilməsi həm məhsul satışı, həm də arı&ccedil;ılar arasında təcr&uuml;bə m&uuml;badiləsi aparılması baxımından əhəmiyyətlidir.</span></p>\r\n\r\n<p style=\"text-align:justify\"><span style=\"font-size:16px\">Satış yarmarkasında baldan hazırlanan m&uuml;xtəlif şirniyyatların, eləcə də dulus&ccedil;uluq, ağacişləmə, tikmə n&uuml;munələrinin, ana arı yetişdirmə qutularının, termoplastik pətəklərin, ana arı təcridedici qurğuların, arı&ccedil;ıların hazırladıqları m&uuml;xtəlif əl işlərinin də n&uuml;mayişi və satışı həyata ke&ccedil;irilmişdir.</span></p>\r\n\r\n<p style=\"text-align:justify\"><span style=\"font-size:16px\">Ali Məclisin Sədri ailə təsərr&uuml;fatlarına, o c&uuml;mlədən arı&ccedil;ılara kreditlərin verilməsinin davam etdirilməsi, onların təkliflərinin nəzərə alınması, bu sahədə nəşrlərin artırılması, maarifləndirici tədbirlərin davam etdirilməsi və arı&ccedil;ılıq mədəniyyətinin formalaşdırılması barədə tapşırıqlar vermişdir.</span></p>\r\n\r\n<p style=\"text-align:justify\"><span style=\"font-size:16px\">Satış yarmarkası oktyabrın 17-də də davam edəcəkdir.</span></p>', 1, '2021-12-02 06:17:28', '2021-12-02 06:17:28'),
(30, '1 noyabr Kənd Təsərrüfatı İşçiləri Günüdür', 19, 'news_1638440418.jpg', '<p style=\"text-align:justify\"><span style=\"font-size:16px\">Azərbaycan Respublikasının Prezidenti cənab İlham Əliyevin 2008-ci il 9 oktyabr tarixli Fərmanı ilə hər il noyabrın 1-i &ouml;lkəmizdə Kənd Təsərr&uuml;fatı İş&ccedil;iləri G&uuml;n&uuml; kimi qeyd olunur.</span></p>\r\n\r\n<p style=\"text-align:justify\"><span style=\"font-size:16px\">&Uuml;mummilli lider Heydər Əliyevin &ouml;lkəmizə birinci rəhbərliyi d&ouml;vr&uuml;ndə Azərbaycan aqrar sahədə ke&ccedil;miş ittifaqın kənd təsərr&uuml;fatının kompleks inkişaf etdiyi qabaqcıl respublikalardan birinə &ccedil;evrilmişdir. Həmin d&ouml;vrdə &ouml;lkəmizdə kənd təsərr&uuml;fatının elmi əsaslarla inkişafı nəticəsində bu sahədə zəngin təcr&uuml;bə formalaşmışdır. Təəss&uuml;f ki, m&uuml;stəqilliyin ilk illərində &ouml;lkədə baş verən &ouml;zbaşınalıq nəticəsində aqrar sahədə yaradılan bu infrastruktur da tamamilə dağıdılmışdır. Həmin d&ouml;vrdə Nax&ccedil;ıvan Muxtar Respublikası Ali Məclisinin Sədri vəzifəsində işləyən &uuml;mummilli lider isə kənd təsərr&uuml;fatının inkişafının vacibliyini daim &ouml;n plana &ccedil;əkmiş, bununla bağlı m&uuml;h&uuml;m qərarlar qəbul etmişdir. Ali Məclisin 1992-ci il aprelin 6-da ke&ccedil;irilən sessiyasında &ldquo;Nax&ccedil;ıvan Muxtar Respublikasında zərərlə işləyən kolxoz və sovxozlar haqqında&rdquo; və &ldquo;Rentabelli işləyən kolxoz və sovxozların ictimai mal-qarasının &ouml;zəlləşdirilməsi barədə təkliflər haqqında&rdquo; qərarlar qəbul edilmiş, bununla da Azərbaycanda torpaq islahatına ilk dəfə Nax&ccedil;ıvandan başlanılmış, &ouml;zəl m&uuml;lkiyyətə əsaslanan aqrar m&uuml;nasibətlər formalaşmışdır. 1993-2003-c&uuml; illərdə isə &uuml;mummilli lider Heydər Əliyevin rəhbərliyi ilə &ouml;lkəmizdə bu istiqamətdə kompleks tədbirlər g&ouml;r&uuml;lm&uuml;ş, uğurlu islahatlar həyata ke&ccedil;irilmiş, qanunvericilik bazası yaradılmışdır. Ulu &ouml;ndər&nbsp;&nbsp;demişdir: &ldquo;Azərbaycanın kənd təsərr&uuml;fatı potensialı &ndash; torpaqlarımız, hava, su kənd təsərr&uuml;fatı məhsulları istehsalının s&uuml;rətlə artırılmasına y&ouml;nəldilməli, bundan səmərəli istifadə olunmalıdır&rdquo;.</span></p>\r\n\r\n<p style=\"text-align:justify\"><span style=\"font-size:16px\">Ulu &ouml;ndərin m&uuml;əyyənləşdirdiyi aqrar islahatlar bu g&uuml;n &ouml;lkə baş&ccedil;ısı cənab İlham Əliyev tərəfindən uğurla davam etdirilir, kənd təsərr&uuml;fatının inkişafı diqqətdə saxlanılır, ərzaq təhl&uuml;kəsizliyinin təmin olunması istiqamətində ardıcıl tədbirlər g&ouml;r&uuml;l&uuml;r. Azərbaycan Respublikasının Prezidenti cənab İlham Əliyev demişdir: &ldquo;Aqrar sahə bizim &uuml;&ccedil;&uuml;n strateji sahədir. Bu, həm iqtisadi, həm sosial sahədir... Ona g&ouml;rə son illərdə kənd təsərr&uuml;fatının, regionların sosial-iqtisadi inkişafına g&ouml;stərilən diqqət məhz bu məqsədi g&uuml;d&uuml;r ki, həm məşğulluq, həm məhsuldarlıq artsın və Azərbaycan həm &ouml;z daxili tələbatını, həm də ixrac edilən məhsulları ən y&uuml;ksək səviyyəyə qaldırsın&rdquo;.</span></p>\r\n\r\n<p style=\"text-align:justify\"><span style=\"font-size:16px\">Nax&ccedil;ıvan Muxtar Respublikasında da iqtisadiyyatın b&uuml;t&uuml;n sahələri kimi, kənd təsərr&uuml;fatının inkişafı daim diqqət mərkəzində saxlanılır. Aparılan islahatlar bitki&ccedil;ilik və heyvandarlıq, eləcə də emal sənayesinin inkişafı &uuml;&ccedil;&uuml;n geniş imkanlar a&ccedil;mışdır. 2000-ci ildə muxtar respublikada torpaq islahatı başa &ccedil;atdırılmış, 72 min 758 ailəyə 56 min 372 hektar torpaq sahəsi verilmişdir. Bundan sonra kənd təsərr&uuml;fatının inkişafında əsaslı d&ouml;n&uuml;ş yaradılmış, bol məhsul istehsalının əsası qoyulmuşdur. Nax&ccedil;ıvan Muxtar Respublikası Ali Məclisi Sədrinin sərəncamları ilə təsdiq edilmiş d&ouml;vlət proqramları muxtar respublikada aqrar sahənin inkişafına m&uuml;h&uuml;m təkan vermiş, kənd təsərr&uuml;fatının ayrı-ayrı sahələri &uuml;zrə uğurlu nəticələr əldə olunmuşdur. Qəbul edilən d&ouml;vlət proqramlarının icrası istiqamətində həyata ke&ccedil;irilən tədbirlər məhsul bolluğuna zəmin yaratmış, təsərr&uuml;fatın m&uuml;xtəlif sahələr &uuml;zrə fəaliyyətini şaxələndirmişdir.Muxtar respublikada əhalinin əsas hissəsinin kənd təsərr&uuml;fatı ilə məşğul olması burada əkin&ccedil;iliyin inkişafını şərtləndirir. Fermerlərə əkinlərə g&ouml;rə subsidiyaların verilməsi, texniki təminatın yaxşılaşdırılması &uuml;&ccedil;&uuml;n istehsal&ccedil;ılara lizinq yolu ilə g&uuml;zəştli şərtlər əsasında texnika və g&uuml;brələrin satılması əkin&ccedil;iliyin inkişafında yeni istiqamətlər a&ccedil;mış, əkin sahələrinin və məhsuldarlığın ilbəil artmasına səbəb olmuşdur. 2021-ci ilin məhsulu &uuml;&ccedil;&uuml;n muxtar respublikada 64 min 259 hektar sahədə əkin aparılmışdır. Cari ilin 9 ayı ərzində muxtar respublikada 105 min 807 ton dənli və dənli-paxlalı, 11 min 44 ton dən &uuml;&ccedil;&uuml;n qarğıdalı, 395 ton dən &uuml;&ccedil;&uuml;n g&uuml;nəbaxan, 71,8 ton t&uuml;t&uuml;n, 77 min 470,1 ton tərəvəz, 54 min 689 ton kartof, 33 min 615 ton bostan məhsulları, 41 min 299,2 ton meyvə, 10 min 158,4 ton &uuml;z&uuml;m istehsal olunmuşdur. Bir ne&ccedil;ə məhsul n&ouml;v&uuml; &uuml;zrə yığım hazırda davam etdirilir.</span></p>\r\n\r\n<p style=\"text-align:justify\"><span style=\"font-size:16px\">Su təminatının yaxşılaşdırılması kənd təsərr&uuml;fatının inkişafı ilə yanaşı, torpaq ehtiyatlarının qorunmasına da şərait yaradır. Nax&ccedil;ıvan Muxtar Respublikası Ali Məclisi Sədrinin 2020-ci il 27 noyabr tarixli Sərəncamı ilə təsdiq olunmuş &ldquo;2021-2025-ci illərdə Nax&ccedil;ıvan Muxtar Respublikasında kənd təsərr&uuml;fatı təyinatlı torpaqların m&uuml;nbitliyinin artırılmasına dair&rdquo; Tədbirlər Planına uyğun olaraq bu sahədə işlər davam etdirilir. Torpaq sahələrinin normalara uyğun suvarma suyu ilə təchizatı əkin&ccedil;iliyin inkişafını təmin edən əsas amillərdən biridir. Buna g&ouml;rə də muxtar respublikada irriqasiya sistemləri daim yeniləşdirilir, qapalı suvarma şəbəkələri qurulur, meliorasiya tədbirləri həyata ke&ccedil;irilir. Bu da torpaq sahələrində su təminatının yaxşılaşdırılmasına, yeni torpaq sahələrinin əkin d&ouml;vriyyəsinə qatılmasına, eyni zamanda məşğulluğun təmin olunmasına imkan verir. Cari ilin &ouml;tən d&ouml;vr&uuml;ndə meliorasiya və irriqasiya sistemlərinin yenidən qurulması diqqətdə saxlanılmış, Babək rayonunun Nehrəm kəndi ərazisində 1170, Culfa rayonunun Bənəniyar kəndi ərazisində 1050, Şahbuz rayonunun T&uuml;rkeş, Sələs&uuml;z, Mərəlik kəndlərinin ərazilərində 618, Kəngərli rayonunun B&ouml;y&uuml;kd&uuml;z, Xok, Yurd&ccedil;u kəndləri ərazilərində 2690 hektar torpaq sahəsində qapalı suvarma şəbəkələrinin tikintisi başa &ccedil;atdırılmışdır. Kəngərli rayonunun B&ouml;y&uuml;kd&uuml;z kəndi ərazisində yeni qapalı suvarma şəbəkələrinin tikintisi davam etdirilir.</span></p>\r\n\r\n<p style=\"text-align:justify\"><span style=\"font-size:16px\">&ldquo;2021-2025-ci illərdə Nax&ccedil;ıvan Muxtar Respublikasında meyvə&ccedil;iliyin və tərəvəz&ccedil;iliyin inkişafı &uuml;zrə D&ouml;vlət Proqramı&rdquo;nın icrası ilə əlaqədar olaraq Kənd Təsərr&uuml;fatı Nazirliyi tərəfindən əhalinin meyvə və tərəvəz məhsullarına olan tələbatının yerli istehsal hesabına təmin edilməsi məqsədilə meyvə&ccedil;iliyin inkişafı ilə bağlı m&uuml;vafiq tədbirlər həyata ke&ccedil;irilir. Son illər əkin&ccedil;ilik &uuml;&ccedil;&uuml;n yararlı olmayan torpaq sahələrində iməciliklər yolu ilə salınan yeni meyvə bağları muxtar respublikanın yaşıl &ouml;rt&uuml;y&uuml;n&uuml; zənginləşdirməklə yanaşı, həm də əhalinin meyvə məhsullarına olan tələbatının &ouml;dənilməsi &uuml;&ccedil;&uuml;n geniş imkanlar a&ccedil;ır. Hər il meyvə bağlarından tonlarla məhsul yığılır. Yeni və ənənəvi meyvə sortlarından ibarət bağların salınması da davam etdirilir. Cari ilin &ouml;tən d&ouml;vr&uuml;ndə muxtar respublikada, &uuml;mumilikdə 64,3 hektar sahədə yeni meyvə bağları salınmış, 67 min 399 m&uuml;xtəlif meyvə tingi, 11 min 190 &uuml;z&uuml;m kolu əkilmişdir.</span></p>\r\n\r\n<p style=\"text-align:justify\"><span style=\"font-size:16px\">Muxtar respublikada həyata ke&ccedil;irilən sosial-iqtisadi siyasətin prioritet istiqamətlərindən birini əhalinin keyfiyyətli və təmiz ərzaq məhsulları ilə təmin olunması təşkil edir. Bu istiqamətdə g&ouml;r&uuml;lən işlər ərzaq təhl&uuml;kəsizliyinin g&uuml;cləndirilməsi &uuml;&ccedil;&uuml;n vacib əhəmiyyətə malikdir. Heyvandarlıq aqrar sektorun əsas sahələrindən olmaqla, əhalinin ərzaq məhsulları ilə təmin edilməsində x&uuml;susi əhəmiyyət kəsb edir. Nax&ccedil;ıvan Muxtar Respublikası Ali Məclisi Sədrinin 2020-ci il 17 fevral tarixli Sərəncamı ilə təsdiq edilmiş &ldquo;2020-2025-ci illərdə Nax&ccedil;ıvan Muxtar Respublikasında baytarlıq təbabətinin inkişafı &uuml;zrə D&ouml;vlət Proqramı&rdquo;nın da əsas məqsədlərindən biri heyvan mənşəli qida məhsullarının ilkin istehsalı, tədar&uuml;k&uuml;, emalı, qablaşdırılması, saxlanılması, daşınması, d&ouml;vriyyəsi də daxil olmaqla, qida zəncirinin b&uuml;t&uuml;n mərhələlərində məhsulların təhl&uuml;kəsizliyinin təmin edilməsidir. Hazırda muxtar respublikada iribuynuzlu mal-qaranın baş sayı 125 min 426-a, xırdabuynuzlu heyvanların sayı isə 771 min 372-ə &ccedil;atdırılmışdır. Cari ilin &ouml;tən d&ouml;vr&uuml;ndə 41 heyvandarlıq, 2 quş&ccedil;uluq təsərr&uuml;fatı yaradılmış, 14 heyvandarlıq və 1 quş&ccedil;uluq təsərr&uuml;fatı sahəsinin genişləndirilməsi işləri başa &ccedil;atdırılmışdır. 20 heyvandarlıq təsərr&uuml;fatının yaradılması və 1 heyvandarlıq kompleksinin yenidən qurulması davam etdirilir. Bank və kredit təşkilatları tərəfindən kənd təsərr&uuml;fatı ilə məşğul olan təsərr&uuml;fat subyektlərinə, &uuml;mumilikdə, 13 milyon 500 min manat g&uuml;zəştli kredit verilmişdir ki, bunun da 11 milyon 6 min 100 manatı heyvandarlığın inkişafı &uuml;&ccedil;&uuml;n ayrılmışdır.</span></p>\r\n\r\n<p style=\"text-align:justify\"><span style=\"font-size:16px\">Muxtar respublikada heyvandarlığın cins tərkibinin yaxşılaşdırılması və məhsuldarlığın y&uuml;ksəldilməsi məqsədilə Nax&ccedil;ıvan Muxtar Respublikası Ali Məclisi Sədrinin 2019-cu il 21 sentyabr tarixli Sərəncamı ilə Nax&ccedil;ıvan Muxtar Respublikasının S&uuml;ni Mayalanma Mərkəzi yaradılmış və mərkəzdə yeni infrastruktur obyektlərinin tikintisi başa &ccedil;atdırılaraq istifadəyə verilmişdir. Bu sahədə həyata ke&ccedil;irilən tədbirlərin nəticəsidir ki, bu il heyvandarlıq təsərr&uuml;fatlarında s&uuml;ni yolla 10 min 74 baş inək, d&uuml;yə və camış mayalandırılmış, əvvəlki d&ouml;vrdə mayalandırılmış inək, d&uuml;yə və camışlardan 7 min 168 baş sağlam bala alınmışdır. S&uuml;ni Mayalanma Mərkəzinin fəaliyyətə başlaması heyvandarlığın cins tərkibinin yaxşılaşdırılması istiqamətində daha geniş imkanlar a&ccedil;acaqdır. Əhalinin balıq əti ilə təmin olunması istiqamətində də əsaslı işlər g&ouml;r&uuml;lm&uuml;şd&uuml;r. Hazırda muxtar respublikada balıq yetişdirilməsi ilə bağlı 16 təsərr&uuml;fat fəaliyyət g&ouml;stərir. G&ouml;r&uuml;lm&uuml;ş işlərin nəticəsidir ki, 2021-ci ilin 9 ayı ərzində diri &ccedil;əkidə ət istehsalı 20 min 118,6 ton, s&uuml;d istehsalı 74 min 712,2 ton, yun istehsalı 925,2 ton, yumurta istehsalı isə 89 milyon 771 min 600 ədəd olmuşdur. Əhalini sağlam heyvandarlıq məhsulları ilə təmin etmək &uuml;&ccedil;&uuml;n D&ouml;vlət Baytarlıq Xidməti tərəfindən də tədbirlər həyata ke&ccedil;irilir. Bu məqsədlə həyata ke&ccedil;irilən sistemli tədbirlər nəticəsində qida məhsullarının, x&uuml;susilə ət və s&uuml;d məhsullarının y&uuml;ksək keyfiyyət g&ouml;stəricilərinin təmin olunması, heyvan mənşəli xəstəliklərə qarşı vaxtında m&uuml;barizə tədbirlərinin aparılması prosesləri uğurla davam etdirilir.</span></p>\r\n\r\n<p style=\"text-align:justify\"><span style=\"font-size:16px\">&Ouml;lkəmizin bir &ccedil;ox b&ouml;lgələrində olduğu kimi, Nax&ccedil;ıvanda da arı&ccedil;ılıq aqrar istehsalın davamlılığını və səmərəliliyini təmin edən gəlirli sektorlardan biridir. Qədim diyarımızda kifayət qədər nektarlı bitki n&ouml;vlərinin olması burada arı&ccedil;ılığın inkişafına səbəb olmuşdur. Bu sahənin yeni inkişaf mərhələsinə qədəm qoymasında Nax&ccedil;ıvan Muxtar Respublikası Ali Məclisi Sədrinin 2016-cı il 18 noyabr tarixli Sərəncamı ilə təsdiq edilmiş &ldquo;2017-2022-ci illərdə Nax&ccedil;ıvan Muxtar Respublikasında arı&ccedil;ılığın inkişafı &uuml;zrə D&ouml;vlət Proqramı&rdquo;nın m&uuml;h&uuml;m rolu var. Proqramın uğurlu icrası arı ailələrinin sayının artmasına və bu sahədə &uuml;mumi məhsuldarlığın daha da y&uuml;ksəldilməsinə şərait yaradır. Muxtar respublikada 99 min 935 arı ailəsi vardır. İstehsal olunan balın satışı &uuml;&ccedil;&uuml;n şəraitin yaradılması və ənənəvi olaraq &ldquo;Arı&ccedil;ılıq məhsulları &ndash; bal festivalı&rdquo;nın və satış yarmarkasının ke&ccedil;irilməsi arı ailələrinin &ccedil;oxalmasına, bal istehsalının artmasına və bu sahədə sahibkarlığın inkişafına stimul olmuşdur.</span></p>\r\n\r\n<p style=\"text-align:justify\"><span style=\"font-size:16px\">Kənd təsərr&uuml;fatının bitki&ccedil;ilik sahəsində əldə olunan uğurlarda sahibkarların m&uuml;asir kənd təsərr&uuml;fatı texnikaları ilə təchiz olunmasının b&ouml;y&uuml;k rolu vardır. Hazırda muxtar respublikada sahibkarlara aqroservis xidməti &ldquo;Nax&ccedil;ıvan Aqrolizinq&rdquo; A&ccedil;ıq Səhmdar Cəmiyyətinin rayonlarda olan kənd təsərr&uuml;fatı maşın və aqreqatları ilə yanaşı, həm də şəxsi texnikalar vasitəsilə həyata ke&ccedil;irilir. &Ouml;tən d&ouml;vrdə &ldquo;Nax&ccedil;ıvan Aqrolizinq&rdquo; A&ccedil;ıq Səhmdar Cəmiyyətinin xətti ilə 3386 m&uuml;xtəlif təyinatlı kənd təsərr&uuml;fatı texnikası gətirilmiş, onlardan 2554-&uuml; nağd hesablaşma və lizinq yolu ilə sahibkarlara satılmışdır. Alınmış texnika və aqreqatların 311-i cari ilin 9 ayında gətirilmişdir. M&ouml;vcud texnikalar kənd təsərr&uuml;fatı sahəsində aqrotexniki tədbirləri keyfiyyətlə həyata ke&ccedil;irməyə imkan verir. Fermerlərə lizinq yolu ilə m&uuml;asir tələblərə cavab verən yeni kənd təsərr&uuml;fatı texnikalarının alınıb icarəyə verilməsi ilə bağlı g&uuml;zəştlərin tətbiqi isə bu sahədə fəaliyyətin səmərəli təşkilinə hesablanmışdır.</span></p>\r\n\r\n<p style=\"text-align:justify\"><span style=\"font-size:16px\">Əkin&ccedil;ilikdə məhsuldarlığın y&uuml;ksəldilməsi &uuml;&ccedil;&uuml;n vacib amillərdən biri də torpaqların qida maddələri ilə təminolunma dərəcəsinin m&uuml;əyyən edilməsidir. Bu istiqamətdə də muxtar respublikada m&uuml;h&uuml;m tədbirlər həyata ke&ccedil;irilir. Nax&ccedil;ıvan Muxtar Respublikası Kənd Təsərr&uuml;fatı Nazirliyinin struktur b&ouml;lmələri olan Akademik Həsən Əliyev adına &ldquo;Araz&rdquo; Elm İstehsalat Birliyi, Toxum&ccedil;uluq və Bitkilərin M&uuml;hafizəsi İdarəsində yaradılan və y&uuml;ksək standartlara cavab verən m&uuml;asir avadanlıqlarla təchiz edilmiş laboratoriyalarda əkin sahələrindən g&ouml;t&uuml;r&uuml;lm&uuml;ş torpaq n&uuml;munələri və toxum materialları analiz edilir. Kənd təsərr&uuml;fatının inkişafı istiqamətində həyata ke&ccedil;irilən tədbirlərin sırasında strateji əhəmiyyətli istehsal sahələrindən olan toxum&ccedil;uluq da diqqətdə saxlanılır. Hazırda muxtar respublikada toxuma olan tələbatı &ouml;dəmək və toxumluq məhsulların istehsalını artırmaq məqsədilə ardıcıl tədbirlər g&ouml;r&uuml;l&uuml;r, yeni toxum&ccedil;uluq təsərr&uuml;fatları yaradılır, iqlim və torpaq x&uuml;susiyyətlərinə uyğun məhsuldar toxum sortları yetişdirilir. Muxtar respublikada məhsuldar və keyfiyyətli toxum n&ouml;vləri istehsalının stimullaşdırılması məqsədilə toxum&ccedil;uluq təsərr&uuml;fatlarının maddi-texniki bazasının m&ouml;hkəmləndirilməsi istiqamətində işlər davam etdirilir. Nax&ccedil;ıvan şəhərində &ldquo;Bərəkət Toxum&ccedil;uluq&rdquo; Məhdud Məsuliyyətli Cəmiyyəti &uuml;&ccedil;&uuml;n yeni kompleksin istifadəyə verilməsi tədbirində Ali Məclisin Sədri cənab Vasif Talıbov demişdir: &ldquo;D&uuml;nyada hansı proseslərin baş verməsindən asılı olmayaraq, kənd təsərr&uuml;fatı m&uuml;tləq inkişaf etdirilməlidir. Bu g&uuml;n d&uuml;nyada o &ouml;lkələr pandemiya ilə rahat m&uuml;barizə apara bilirlər ki, həmin &ouml;lkələrdə ərzaq təhl&uuml;kəsizliyi təmin olunub. Kənd təsərr&uuml;fatı iqtisadiyyatın lokomotividir. Ona g&ouml;rə də kənd təsərr&uuml;fatı inkişaf etdirilməlidir ki, &ouml;lkədə digər sahələrin inkişafı da təmin olunsun. Muxtar respublikada ərzaq təhl&uuml;kəsizliyinin təmin olunması sahəsində g&ouml;r&uuml;lən işlər, kənd təsərr&uuml;fatının inkişafı qarşıdakı illərdə də məhsul bolluğu yaradacaqdır. Məqsəd ondan ibarətdir ki, kənd təsərr&uuml;fatı sahəsində əhalinin məşğulluğu təmin olunsun, məhsul istehsalı daha da artsın&rdquo;. Hazırda muxtar respublikada 7 toxum&ccedil;uluq təsərr&uuml;fatı fəaliyyət g&ouml;stərir. Sahibkarlara elit, I və II reproduksiyalı buğda və arpa toxumlarının satışının təşkil edilməsi, eləcə də 70 faiz g&uuml;zəştli şərtlərlə mineral g&uuml;brələrin verilməsi təmin olunur. &Ouml;tən d&ouml;vrdə məhsul istehsal&ccedil;ıları 7 min 542,3 ton mineral g&uuml;brə ilə təmin olunmuşdur. İstehsal olunan I və II reproduksiyalı toxumların satışına g&ouml;rə d&ouml;vlət tərəfindən subsidiyaların &ouml;dənilməsi, həm&ccedil;inin əkin sahəsinin hər hektarına fermerlərə 60 manat yardım verilməsi taxıl istehsalına marağı daha da artırmışdır.</span></p>\r\n\r\n<p style=\"text-align:justify\"><span style=\"font-size:16px\">Əhalini ilboyu meyvə-tərəvəz məhsulları ilə təmin etmək muxtar respublikada aqrar sahədə həyata ke&ccedil;irilən əsas tədbirlərdəndir. İritutumlu soyuducu anbarların tikilməsi və istixana komplekslərinin yaradılması ilin istənilən fəslində bazarın tələbatının &ouml;dənilməsinə imkan verir. Hazırda muxtar respublikada &uuml;mumi tutumu 21 min 150 ton olan 49 soyuducu anbar və sahəsi 150 min 817 kvadratmetr olan 34 istixana kompleksi fəaliyyət g&ouml;stərir.</span></p>\r\n\r\n<p style=\"text-align:justify\"><span style=\"font-size:16px\">Muxtar respublikada əhalinin ərzaq məhsullarına olan tələbatının etibarlı &ouml;dənilməsi istiqamətində əlavə tədbirlər də g&ouml;r&uuml;l&uuml;r, istehsal olunan malların satışı &uuml;&ccedil;&uuml;n hərtərəfli şərait yaradılır. Kənd təsərr&uuml;fatının dayanıqlı inkişafının təmin olunması və istehsal olunan məhsulların ixrac potensialının artırılması ilə kənd təsərr&uuml;fatı istehsalına əsaslanan emal m&uuml;əssisələrinin qurulması məqsədilə &ldquo;2021-2025-ci illərdə Nax&ccedil;ıvan Muxtar Respublikasında kənd təsərr&uuml;fatı məhsullarının istehsalı, emalı və ixracının stimullaşdırılmasına dair D&ouml;vlət Proqramı&rdquo; təsdiq edilmişdir. Artan tələbatın qarşılanmasında, istehlak sahəsində əl&ccedil;atanlığın təmin olunmasında istehsal anlayışı m&uuml;stəsna əhəmiyyətə malikdir. Məhz bu baxımdan təsdiq olunan D&ouml;vlət Proqramının b&ouml;y&uuml;k əhəmiyyəti vardır. Artıq bir ne&ccedil;ə ildir ki, istehsal&ccedil;ıların istehsal etdikləri məhsulların satışını təmin etmək &uuml;&ccedil;&uuml;n kənd təsərr&uuml;fatı məhsullarının satış yarmarkaları təşkil edilir. B&uuml;t&uuml;n bunlar əhalinin ərzaq məhsulları ilə etibarlı təmin olunmasında həlledici rol oynayır. Etibarlı ərzaq təminatının yaradılması hesabına ixrac potensialı da artırılmışdır. 2021-ci ilin yanvar-sentyabr aylarında muxtar respublikada 409 milyon 830 min 300 manatlıq kənd təsərr&uuml;fatı məhsulları istehsal olunmuşdur ki, bu da 2020-ci ilin m&uuml;vafiq d&ouml;vr&uuml; ilə m&uuml;qayisədə 3,5 faiz &ccedil;oxdur.</span></p>\r\n\r\n<p style=\"text-align:justify\"><span style=\"font-size:16px\">Aqrar sahənin inkişafı muxtar respublikada ailə təsərr&uuml;fatlarının fəaliyyəti &uuml;&ccedil;&uuml;n də geniş imkanlar a&ccedil;ır. İstər məhsul istehsalı və satışı &uuml;&ccedil;&uuml;n yaradılan şərait, istərsə də texnika təminatı və d&ouml;vlət maliyyə dəstəyinin g&ouml;stərilməsi ailə təsərr&uuml;fatlarının sayının ilbəil artmasına səbəb olmuşdur. Bu g&uuml;n muxtar respublikada ailə təsərr&uuml;fatlarının əksər hissəsinin aqrar sahə &uuml;zrə ixtisaslaşması daxili bazarın keyfiyyətli yerli məhsullarla təminatına &ouml;z t&ouml;hfəsini verir. Nax&ccedil;ıvan Muxtar Respublikası Ali Məclisinin Sədri cənab Vasif Talıbovun dediyi kimi: &ldquo;Su təminatı, əkinəyararlı və bərəkətli torpaqlar olan yerdə inkişaf təmin olunur və ərzaq bolluğu yaranır. &Ccedil;&uuml;nki &ouml;lkə iqtisadiyyatının əsasını kənd təsərr&uuml;fatı təşkil edir. Əgər bu sahədə işlər d&uuml;zg&uuml;n qurularsa, o zaman iqtisadiyyat da inkişaf edəcəkdir. İqtisadiyyatın lokomotivi isə kənd təsərr&uuml;fatıdır&rdquo;.</span></p>\r\n\r\n<p style=\"text-align:justify\"><span style=\"font-size:16px\">Nax&ccedil;ıvan Muxtar Respublikası</span></p>\r\n\r\n<p style=\"text-align:justify\"><span style=\"font-size:16px\">Kənd Təsərr&uuml;fatı Nazirliyinin</span></p>\r\n\r\n<p style=\"text-align:justify\"><span style=\"font-size:16px\">mətbuat xidməti</span></p>', 1, '2021-12-02 06:20:18', '2021-12-02 06:20:18');
INSERT INTO `news` (`id`, `title`, `category_id`, `image`, `content`, `status`, `created_at`, `updated_at`) VALUES
(31, 'Naxçıvanda “Ailə təsərrüfatı məhsulları” satış yarmarkası keçirilib.', 19, 'news_1638440488.jpg', '<p><span style=\"font-size:16px\">Ailə təsərr&uuml;fatları daxili bazarın keyfiyyətli yerli məhsullarla təminatı ilə yanaşı, &ouml;z&uuml;n&uuml;məşğulluğun təmin olunmasına və iqtisadi inkişafa da m&uuml;h&uuml;m t&ouml;hfə verir. Nax&ccedil;ıvan Muxtar Respublikası Ali Məclisi Sədrinin 2019-cu il 18 yanvar tarixli Sərəncamı ilə təsdiq edilən&nbsp;&ldquo;Nax&ccedil;ıvan Muxtar Respublikasında ailə təsərr&uuml;fatlarının inkişafı ilə bağlı Tədbirlər Planı&rdquo;nın icrası bu baxımdan m&uuml;h&uuml;m əhəmiyyətə malik olub, ailə təsərr&uuml;fatlarına geniş fəaliyyət imkanları a&ccedil;ılıb. Bu sahənin inkişafı istiqamətində g&ouml;r&uuml;lən ardıcıl tədbirlərin nəticəsidir ki, ailə təsərr&uuml;fatlarının sayı getdikcə artır, ailə biznesi genişlənir.Noyabrın 20-də &ldquo;Nax&ccedil;ıvanqala&rdquo; Tarix-Memarlıq Muzey Kompleksində &ldquo;Ailə təsərr&uuml;fatı məhsulları&rdquo; satış yarmarkası ke&ccedil;irilib.</span></p>\r\n\r\n<p><span style=\"font-size:16px\">Nax&ccedil;ıvan Muxtar Respublikası Ali Məclisinin Sədri Vasif Talıbov yarmarkada iştirak edib.</span></p>\r\n\r\n<p><span style=\"font-size:16px\">Yarmarkaya Şərur, Babək, Ordubad, Culfa, Kəngərli, Şahbuz və Sədərək rayonlarından, eləcə də Nax&ccedil;ıvan şəhərindən &uuml;mumilikdə, 453 ailə təsərr&uuml;fatı tərəfindən 540 &ccedil;eşiddə 41 mindən &ccedil;ox qablaşdırılmış məhsul &ccedil;ıxarılıb.&nbsp;Nax&ccedil;ıvan qovurması, xaması, qaymağı, pendiri, qatığı, m&uuml;xtəlif n&ouml;v m&uuml;rəbbə və şirniyyatları, alana, sucuq, cəviz, badam, qurut, m&uuml;xtəlif &ccedil;eşidli meyvə şirələri, doşabları, sirkələri, şərablar və meyvə araqları, eləcə də turşular, kompotlar, cemlər, meyvə-tərəvəz quruları,&nbsp;milli mətbəximizə aid &ccedil;&ouml;rək &ccedil;eşidləri və digər məhsullar yarmarka iştirak&ccedil;ılarına təqdim edilib.</span></p>\r\n\r\n<p><span style=\"font-size:16px\">Nax&ccedil;ıvan torpağı yabanı tərəvəz və dərman bitkiləri ilə zəngindir. Tarixən həmin sərvətlərdən məişətdə və xalq təbabətində geniş istifadə olunub. Bu g&uuml;n də kəndlərdə yabanı tərəvəz və dərman bitkilərinin istehsalı sahəsində ixtisaslaşan&nbsp;ailə təsərr&uuml;fatları fəaliyyət g&ouml;stərir. Yarmarkaya bu sahə ilə məşğul olan ailə təsərr&uuml;fatları tərəfindən dərman bitkiləri və onlardan hazırlanan məhsullar da &ccedil;ıxarılıb.</span></p>\r\n\r\n<p><span style=\"font-size:16px\">Ailə təsərr&uuml;fatları məhsullarının tara satışı mağazasının stendində məlumat verilib&nbsp;ki, yerli istehsal olan &ccedil;&ouml;lməklər, şirniyyat qəlibləri, meyvə quruları &uuml;&ccedil;&uuml;n qablar və digər &ccedil;eşidlər olmaqla, 34 n&ouml;vdə tara n&uuml;mayiş olunur.&nbsp;Azərbaycan Milli Elmlər Akademiyasının Nax&ccedil;ıvan B&ouml;lməsinə məxsus stenddə Bioresurslar İnstitutu tərəfindən hazırlanan&nbsp;m&uuml;xtəlif &ccedil;eşiddə meyvə quruları, g&uuml;lab, &ccedil;aytikanı yağı, propolis (bərəmum), paketlənmiş zəfəran qurusu, alma sirkəsi və bir sıra digər məhsullar yer alırdı.</span></p>\r\n\r\n<p><span style=\"font-size:16px\">Ali Məclisin Sədri məhsul &ccedil;eşidlərinin artırılması və istehsal&nbsp; sahəsinin qurulması barədə tapşırıqlar verib.</span></p>\r\n\r\n<p><span style=\"font-size:16px\">Ali Məclisin Sədri yarmarkada &ouml;z&uuml;n&uuml;məşğulluğa cəlb olunan&nbsp;ailə təsərr&uuml;fatlarının məhsullarına baxıb. Məlumat verilib&nbsp;ki, muxtar respublikada 2017-ci ildən &ouml;z&uuml;n&uuml;məşğulluq proqramının icrasına başlanılıb. Həmin g&uuml;ndən 899 ailənin &ouml;z&uuml;n&uuml;məşğulluğu təmin edilib&nbsp;ki, onların ailə &uuml;zvlərinin sayı 4133 nəfərdir. 860 ailə kənd təsərr&uuml;fatı, 22 ailə xidmət, 17 ailə isə istehsal sahələri &uuml;zrə proqrama cəlb edilib. 283 ailənin təsərr&uuml;fatındakı aktivlər nəzarət m&uuml;ddəti bitdiyindən onların m&uuml;lkiyyətinə ke&ccedil;irilib. Bug&uuml;nədək iri və xırdabuynuzlu heyvandarlıq təsərr&uuml;fatında 1500-dək artım qeydə alınıb. 30 ailə n&uuml;munəvi təsərr&uuml;fat sahibi kimi həvəsləndirici tədbirlərə cəlb olunaraq &ouml;z se&ccedil;imləri əsasında əlavə aqreqatlarla təmin olunublar. Yarmarkaya da &ouml;z&uuml;n&uuml;məşğulluğa cəlb olunan&nbsp;ailələr tərəfindən m&uuml;xtəlif &ccedil;eşiddə məhsullar &ccedil;ıxarılıb.</span></p>\r\n\r\n<p><span style=\"font-size:16px\">Zəngin təbiəti, təmiz havası və suyu, ekoloji saf məhsulları qədim diyarda meyvəqurutma sahəsində ailə təsərr&uuml;fatlarının formalaşmasına əlverişli şərait yaradır. Yerli meyvələrin qurudulması, onlardan m&uuml;xtəlif m&uuml;rəbbə və şirələrin hazırlanması&nbsp; ənənəsi bu g&uuml;n də yaşadılır. Yarmarkada&nbsp;ailə təsərr&uuml;fatları tərəfindən qablaşdırılan&nbsp;tut, al&ccedil;a, əncir, ərik, gavalı, qızılg&uuml;l və digər meyvə və tərəvəz quruları, eləcə də meyvə şirələri keyfiyyəti ilə se&ccedil;ilirdi.</span></p>\r\n\r\n<p><span style=\"font-size:16px\">Nax&ccedil;ıvanda heyvandarlıq və maldarlığın inkişafı ət və s&uuml;d məhsulları istehsalının geniş yayılmasına səbəb olub. Mal-qaranın cins tərkibinin yaxşılaşdırılması ailə təsərr&uuml;fatlarında istehsal olunan bu məhsulların həcmini və keyfiyyətini artırmışdır. Yarmarkada ailə təsərr&uuml;fatlarında istehsal edilən m&uuml;xtəlif ət və ət məhsulları, qaymaq, xama, qatıq, şor, qurut və digər ənənəvi s&uuml;d məhsulları alıcı marağına səbəb olurdu.</span></p>\r\n\r\n<p><span style=\"font-size:16px\">D&ouml;vlət proqramlarının qəbul olunması və uğurla icra edilməsi&nbsp; nəticəsində muxtar respublikada meyvə&ccedil;iliyin və &uuml;z&uuml;m&ccedil;&uuml;l&uuml;y&uuml;n inkişafına geniş imkanlar a&ccedil;mışdır. Bu sahə &uuml;zrə ixtisaslaşan ailə təsərr&uuml;fat&ccedil;ıları artıq meyvə ilə yanaşı, baldırğan, kişmiş, bal, portağal, tut, alma, armud, g&ouml;ycə, al&ccedil;a, şaftalı araqları, m&uuml;xtəlif n&ouml;v şərablar, sirkələr və doşablar da istehsal edir. Yarmarkada alıcılar bu məhsullara daha &ccedil;ox maraq g&ouml;stərirdi.</span></p>\r\n\r\n<p><span style=\"font-size:16px\">Bu g&uuml;n muxtar respublikada istehsal olunan keyfiyyətli məhsullar &ouml;lkəmizdə və d&uuml;nyada brend məhsul kimi qəbul olunur. X&uuml;susilə ailə təsərr&uuml;fatlarında m&ouml;vs&uuml;mə uyğun mətbəx n&uuml;munələrimizin hazırlanaraq qablaşdırılması və satışa &ccedil;ıxarılması b&ouml;y&uuml;k maraq doğurur. Yarmarkaya m&uuml;xtəlif həcmli taralarda qablaşdırılan&nbsp;Nax&ccedil;ıvan qovurması &ccedil;ıxarılıb.</span></p>\r\n\r\n<p><span style=\"font-size:16px\">Biznes Mərkəzinin stendində duzdan və digər məhsullardan hazırlanan&nbsp;əl işləri n&uuml;mayiş etdirilib.</span></p>\r\n\r\n<p><span style=\"font-size:16px\">&ldquo;Nax&ccedil;ıvan məhsulları&rdquo; publik h&uuml;quqi şəxsin stendində məlumat verilib&nbsp;ki, 4 m&uuml;xtəlif &ccedil;eşiddə hədiyyəliklər, qablaşdırılan&nbsp;bal, 7 n&ouml;vdə kompot, 2 n&ouml;vdə cem, bitki quruları, turşu, hədiyyəlik &ccedil;anta və ramka bal n&uuml;mayiş etdirilir.</span></p>\r\n\r\n<p><span style=\"font-size:16px\">Ailə Təsərr&uuml;fatları İctimai Birliyinin sədri M&uuml;bariz Şirəliyev deyib&nbsp;ki, G&uuml;nn&uuml;t yolu &uuml;zərində 60 hektar ərazidə şum işləri g&ouml;r&uuml;l&uuml;b, 55 hektar ərazidə taxıl əkini nəzərdə tutulub&nbsp;ki, onun da 40 hektarı əkilib, 5 hektar ərazidə yaz əkini planlaşdırılıb. Onun 1 hektarında xaşa, 4 hektarında bostan bitkiləri əkiləcəkdir. 1,5 hektar ərazidə t&uuml;t&uuml;n əkilib&nbsp;ki, 4 tondan artıq quru t&uuml;t&uuml;n tədar&uuml;k olunub. 15 hektar sahədən 105 ton taxıl, 2 hektar kartof sahəsindən 74 ton kartof, 15 hektar qarğıdalı sahəsindən 180 ton qarğıdalı tədar&uuml;k olunub. M&uuml;asir suvarma metodlarından istifadə etməklə bol məhsul əldə edirik.</span></p>\r\n\r\n<p><span style=\"font-size:16px\">Ali Məclisin Sədri ailə təsərr&uuml;fatlarının sahibləri ilə s&ouml;hbət edib, məhsullardan alıb.</span></p>\r\n\r\n<p><span style=\"font-size:16px\">Şərur rayonunun D&uuml;dəngə kəndindən olan Faiq Ağayev deyib&nbsp;ki, d&ouml;vlət qayğısını daim &ouml;z &uuml;zərimizdə hiss edirik. Qəbul olunan sərəncamlar, d&ouml;vlət proqramları bizi daha həvəslə işləməyə s&ouml;vq edir. Bu il qarğıdalı sahəsindən 120-130, taxıl sahəsindən 80 sentner, hektardan 40 ton kartof, 40 ton soğan məhsulu g&ouml;t&uuml;rm&uuml;şəm.</span></p>\r\n\r\n<p><span style=\"font-size:16px\">Şahbuz rayonunun Badamlı qəsəbəsindən olan ailə təsərr&uuml;fat&ccedil;ısı V&uuml;sal Salahov yaradılan şəraitə g&ouml;rə minnətdarlıq edərək deyib&nbsp;ki, cəviz, &ccedil;&ouml;rəkotu, balqabaq dənəsi yağları hazırlayırıq. N&ouml;vbəti ildə məhsullarımızın &ccedil;eşidlərini artırmağı, eyni zamanda itburnu və &uuml;z&uuml;m dənəsinin yağını &ccedil;ıxarmağı nəzərdə tutmuşuq.</span></p>\r\n\r\n<p><span style=\"font-size:16px\">Yarmarkada xalq sənətkarlarının, istedadlı qadınların və məhkumların da əl işlərinin sərgi-satışı təşkil olunub. Qadınların Nax&ccedil;ıvan daşlarından hazırladıqları bəzək əşyaları, qolbaqlar, qədim d&ouml;y&uuml;ş geyimi, eləcə də istehsal etdikləri m&uuml;xtəlif məhsullar diqqəti &ccedil;əkib.</span></p>\r\n\r\n<p><span style=\"font-size:16px\">Sabirkənddən olan Xəlil Fərəcov deyib&nbsp;ki, 2012-ci ildən saldığım meyvə bağından hasilə gətirdiyim məhsulların satışını həyata ke&ccedil;irirəm. Bu il 2 hektardan artıq əlavə ərik bağı da salmışam. Gələcəkdə həmin bağın məhsullarının da yarmarkalarda satışını həyata ke&ccedil;irməyi d&uuml;ş&uuml;n&uuml;rəm.</span></p>\r\n\r\n<p><span style=\"font-size:16px\">Babək rayonunun Nehrəm qəsəbəsindən olan Tofiq Abutalıbov deyib: &ldquo;Ailə təsərr&uuml;fatları həm də insanların məşğulluğunu təmin edir. Muxtar respublikada insanların rahatlığı &uuml;&ccedil;&uuml;n hər c&uuml;r şərait yaradılıb, dinamik inkişaf təmin edilib. B&uuml;t&uuml;n bunlar ulu &ouml;ndər Heydər Əliyev siyasətinin uğurla davam etdirilməsinin nəticəsidir. Biz də bu qayğının qarşılığında &ccedil;alışırıq ki, təsərr&uuml;fatımızı genişləndirək, məhsul bolluğu yaradaq&rdquo;.</span></p>\r\n\r\n<p><span style=\"font-size:16px\">Babək rayonunun Nehrəm qəsəbəsindən olan Cəmşid Həsənov deyib ki, əvvəllər istehsal etdiyimiz məhsulları necə və harada satacağımızı d&uuml;ş&uuml;n&uuml;rd&uuml;k. Lakin bu g&uuml;n yaradılan şəraitin nəticəsidir ki, məhsulumuzun &ouml;lkə ilə yanaşı, xaricdə də satışını həyata ke&ccedil;irir, &ccedil;oxlu sifarişlər qəbul edirik.</span></p>\r\n\r\n<p><span style=\"font-size:16px\">Babək rayonunun Naxışnərgiz kəndindən olan Qəzənfər Qurbanov deyib: &ldquo;Hər il məhsul &ccedil;eşidlərini artırır, onların satışını təşkil edərək maddi-rifah halımızı yaxşılaşdırırıq. Eyni zamanda insanların rahat yaşayışı &uuml;&ccedil;&uuml;n bir sıra tədbirlər g&ouml;r&uuml;l&uuml;r. Muxtar respublikada ən ucqar kəndlərdə belə abadlıq işləri həyata ke&ccedil;irilir, hər c&uuml;r infrastruktur yaradılır. Ke&ccedil;ən il i&ccedil;məli su təminatımız da yaxşılaşdırılmışdır. Buna g&ouml;rə də kənd sakinləri adından minnətdarlığımı bildirirəm&rdquo;.</span></p>\r\n\r\n<p><span style=\"font-size:16px\">Ailə təsərr&uuml;fat&ccedil;ıları Anar Əzizov, Kamran Kazımov, Cəfər Muxtarov, Familə Mirzəyevə, H&uuml;sniyyə Bağırova, &Ccedil;i&ccedil;ək Bayramova və Balabəy Allahverdiyev də g&ouml;stərilən qayğı nəticəsində ailə təsərr&uuml;fatlarını xeyli genişləndirdiklərini bildirib, yaradılan şəraitə g&ouml;rə minnətdarlıq ediblər.</span></p>\r\n\r\n<p><span style=\"font-size:16px\">Ali Məclisin Sədri ailə təsərr&uuml;fatlarının inkişafının m&uuml;h&uuml;m əhəmiyyətə malik olduğunu və g&ouml;stərilən qayğı nəticəsində &nbsp;&nbsp;&nbsp;istehsal olunan məhsulların &ccedil;eşidinin ilbəil artdığını bildirmiş, bundan sonra da m&uuml;vafiq d&ouml;vlət qurumları tərəfindən ailə təsərr&uuml;fatlarına dəstək g&ouml;stərilməsi ilə bağlı tapşırıqlar verib.</span></p>', 1, '2021-12-02 06:21:28', '2022-01-30 10:50:11'),
(36, 'Şərur rayonunda müşavirə keçirilib', 19, 'news_1643817603.jpg', '<p style=\"text-align:justify\"><span style=\"font-size:16px\"><span style=\"font-family:Times New Roman,Times,serif\">Nax&ccedil;ıvan Muxtar Respublikası Kənd Təsərr&uuml;fatı və İqtisadiyyat nazirliklərinin əməkdaşları tərəfindən&nbsp; Şərur Rayon İcra Hakimiyyəti ilə birlikdə D&uuml;dəngə kəndində &quot;Qarğıdalı və g&uuml;nəbaxan bitkilərinin əkilməsində aparılan aqrotexniki tədbirlər və bu bitkilərin iqtisadi səmərəsi&quot; m&ouml;vzusunda torpaq m&uuml;lkiyyət&ccedil;iləri və sahibkarların iştirakı ilə seminar m&uuml;şavirə ke&ccedil;irilib.M&uuml;şavirəni Şərur Rayon İcra Hakimiyyətinin əməkdaşı Miryasin Seyidov a&ccedil;araq rayonda kənd təsərr&uuml;fatının inkişafı istiqamətində aparılan ardıcıl tədbirlərdən danışıb.</span></span></p>\r\n\r\n<p style=\"text-align:justify\"><span style=\"font-size:16px\"><span style=\"font-family:Times New Roman,Times,serif\">&nbsp; &nbsp; &nbsp;Kənd Təsərr&uuml;fatı Nazirliyinin ş&ouml;bə m&uuml;diri Xaliq Abbasov &ccedil;ıxış edərək bildirib ki, muxtar respublikanın iqlim şəraitində kənd təsərr&uuml;fatı bitkilərinin əkin atlaslarına uyğun əkilməsinin torpaqların m&uuml;nbitliyinin qorunmasında və məhsuldarlığın y&uuml;ksəldilməsində b&ouml;y&uuml;k rolu vardır. Belə ki, əkin atlaslarına uyğun ke&ccedil;irilən əkinlərdə bitkilərin &uuml;zvi və mineral g&uuml;brələrlə təminatı tələblərə uyğun olur. Həm&ccedil;inin qeyd olunub ki, əhalinin bitki yağına olan təlabatını daxili imkanlar hesabına &ouml;dəmək məqsədilə yağlı bitkilərdən olan qarğıdalı və g&uuml;nəbaxan bitkilərinin əkin sahələri genişləndirilməli, y&uuml;ksək məhsuldarlıq əldə olunması &uuml;&ccedil;&uuml;n əkinlərə d&uuml;zg&uuml;n aqrotexniki qulluq g&ouml;stərilməlidir.&nbsp;</span></span></p>\r\n\r\n<p style=\"text-align:justify\"><span style=\"font-size:16px\"><span style=\"font-family:Times New Roman,Times,serif\">&nbsp; &nbsp; &nbsp;Nazirliyin ş&ouml;bə m&uuml;diri Bəhruz Qasımov əkindən əvvəl toxumların dərmanlanmasının əhəmiyyətindən, sektor m&uuml;diri Valeh Mehdiyev aqrotexniki tədbirlərin aparılmasında m&uuml;asir texnikaların rolundan danışıb. İqtisadiyyat Nazirliyinin ş&ouml;bə m&uuml;diri Xudakərim Məmmədov yağlı bitkilərdən əldə olunan məhsulların iqtisadi səmərəsi haqqında iştirak&ccedil;ılara ətraflı məlumat verib. </span></span></p>\r\n\r\n<p style=\"text-align:justify\"><span style=\"font-size:16px\"><span style=\"font-family:Times New Roman,Times,serif\">&nbsp; &nbsp; &nbsp;Sonda sahibkarları maraqlandıran suallar cavablandırılıb və m&uuml;təxəssislər tərəfindən hazırlanan maarifləndirici bukletlər iştirak&ccedil;ılara paylanıb.</span></span></p>', 1, '2022-02-02 11:58:30', '2022-02-02 12:00:03'),
(37, 'Ali Məclisin Sədri Fərman imzaladı', 19, 'news_1643818312.jpg', '<p style=\"text-align:justify\"><span style=\"font-size:16px\"><span style=\"font-family:Times New Roman,Times,serif\">Nax&ccedil;ıvan Muxtar Respublikası Ali Məclisinin Sədri Vasif Talıbov yanvarın 27-də&nbsp;&ldquo;Nax&ccedil;ıvan Muxtar Respublikasının kənd təsərr&uuml;fatı elektron informasiya sistemi&rdquo; haqqında Əsasnamə&rdquo;nin təsdiq edilməsi barədə&nbsp;Fərman imzalayıb.</span></span></p>\r\n\r\n<p style=\"text-align:justify\"><span style=\"font-size:16px\"><span style=\"font-family:Times New Roman,Times,serif\">Fərmanda deyilir:</span></span></p>\r\n\r\n<p style=\"text-align:justify\"><span style=\"font-size:16px\"><span style=\"font-family:Times New Roman,Times,serif\">&quot;Nax&ccedil;ıvan Muxtar Respublikası Konstitusiyasının 5-ci maddəsinin II hissəsinin 22-ci bəndini rəhbər tutaraq, aqrar sahədə elektron xidmətlərin tətbiqi və elektron informasiya sisteminin yaradılması məqsədilə&nbsp;qərara alıram:</span></span></p>\r\n\r\n<p style=\"text-align:justify\"><span style=\"font-size:16px\"><span style=\"font-family:Times New Roman,Times,serif\">1. &ldquo;Nax&ccedil;ıvan Muxtar Respublikasının kənd təsərr&uuml;fatı elektron informasiya sistemi&rdquo; haqqında Əsasnamə&rdquo; təsdiq edilsin .</span></span></p>\r\n\r\n<p style=\"text-align:justify\"><span style=\"font-size:16px\"><span style=\"font-family:Times New Roman,Times,serif\">2. Nax&ccedil;ıvan Muxtar Respublikasının Kənd Təsərr&uuml;fatı Nazirliyi Nax&ccedil;ıvan Muxtar Respublikasının Rabitə və Yeni Texnologiyalar Nazirliyi ilə birlikdə &ldquo;Nax&ccedil;ıvan Muxtar Respublikasının kənd təsərr&uuml;fatı&rdquo; elektron informasiya sisteminin fəaliyyətinin təşkili və təhl&uuml;kəsizliyinin təmin edilməsi &uuml;&ccedil;&uuml;n tədbirlər g&ouml;rs&uuml;n.</span></span></p>\r\n\r\n<p style=\"text-align:justify\"><span style=\"font-size:16px\"><span style=\"font-family:Times New Roman,Times,serif\">3. Nax&ccedil;ıvan Muxtar Respublikasının İqtisadiyyat Nazirliyi, Ekologiya və Təbii Sərvətlər Nazirliyi, D&ouml;vlət Statistika Komitəsi, Daşınmaz Əmlak və Torpaq Məsələləri &uuml;zrə D&ouml;vlət Xidməti, D&ouml;vlət Baytarlıq Xidməti, Nax&ccedil;ıvan Muxtar Respublikasının Meliorasiya və Su Təsərr&uuml;fatı A&ccedil;ıq Səhmdar Cəmiyyəti, &ldquo;Nax&ccedil;ıvan Aqrolizinq&rdquo; A&ccedil;ıq Səhmdar Cəmiyyəti, &ldquo;Nax&ccedil;ıvan Toxum&ccedil;uluq Mərkəzi&rdquo; publik h&uuml;quqi şəxsi və rayon (şəhər) icra hakimiyyətləri &ldquo;Nax&ccedil;ıvan Muxtar Respublikasının kənd təsərr&uuml;fatı elektron informasiya sistemi&rdquo;ni zəruri məlumatlarla təmin etsinlər.</span></span></p>\r\n\r\n<p style=\"text-align:justify\"><span style=\"font-size:16px\"><span style=\"font-family:Times New Roman,Times,serif\">4. Nax&ccedil;ıvan Muxtar Respublikasının Nazirlər Kabineti bu Fərmandan irəli gələn digər məsələləri həll etsin&quot;.</span></span></p>', 1, '2022-02-02 12:11:52', '2022-02-02 12:11:52'),
(38, 'Şahbuz rayonunda heyvandarlıqla məşğul olan sahibkarların iştirakı ilə seminar-müşavirə keçirilib', 19, 'news_1643818702.jpg', '<p style=\"text-align:justify\"><span style=\"font-size:16px\"><span style=\"font-family:Times New Roman,Times,serif\">&nbsp; &nbsp; Nax&ccedil;ıvan Muxtar Respublikası Kənd Təsərr&uuml;fatı Nazirliyinin m&uuml;təxəssisləri tərəfindən Şahbuz rayon Badamlı kəndində heyvandarlıqla məşğul olan sahibkarların iştirakı ilə &ldquo;Mal-qaranın cins tərkibinin yaxşılaşdırılmasının, ana malların s&uuml;ni mayalandırılması əhəmiyyəti, ana qoyun və ke&ccedil;ilərin boğazlığının son mərhələsində və faraş doğulan quzulara zoobaytar qaydalarına uyğun qulluq edilməsi, qış otlaqlarından səmərəli istifadə edilməsi və xırdabuynuzlu heyvanların saxlanmasına və yunun keyfiyyətinin yaxşılaşdırılmasına qoyulan zoogigiyenik tələblər&rdquo; m&ouml;vzularında seminar m&uuml;şavirə ke&ccedil;irilib.</span></span></p>\r\n\r\n<p style=\"text-align:justify\"><span style=\"font-size:16px\"><span style=\"font-family:Times New Roman,Times,serif\">&nbsp; &nbsp; &nbsp;M&uuml;şavirəni nazirliyinin ş&ouml;bə m&uuml;diri Əyyub Abdullayev giriş s&ouml;z&uuml; ilə a&ccedil;araq qeyd edib ki, muxtar respublika iqtisadiyyatında diqqət&ccedil;əkən fəaliyyət istiqamətlərindən biri də naxırın cins tərkibinin yaxşılaşdırılmasıdır. Muxtar respublikada S&uuml;ni Mayalanma Mərkəzinin yaradılması, d&ouml;vlət tərəfindən bu fəaliyyət sahəsinin təşviqi ilə bağlı atılan addımlar&nbsp;naxırın cins tərkibinin yaxşılaşdırılmasına şərait yaradıb.Qaramalın cins tərkibinin yaxşılaşdırılması məhsul bolluğuna m&uuml;sbət təsir etməklə, əhalinin gəlirinin artmasına əsaslı təsir g&ouml;stərir. Ona g&ouml;rə də naxırın cins tərkibinin yaxşılaşdırılmasına &uuml;st&uuml;nl&uuml;k verilməlidir. Bundan sonra da işlərimizi yeni tələblər səviyyəsində qurmaqla, ailə təsərr&uuml;fatları ilə sıx əlaqə yaradacaq və bu sahədə irəliləyişə nail olmaq &uuml;&ccedil;&uuml;n qabaqcıl ailə təsərr&uuml;fatlarının təcr&uuml;bəsini yaymaq məqsədilə daim maarifləndirmə işlərini g&uuml;cləndirəcəyik. </span></span></p>\r\n\r\n<p style=\"text-align:justify\"><span style=\"font-size:16px\"><span style=\"font-family:Times New Roman,Times,serif\">&nbsp; &nbsp; &nbsp; Nazirliyin baş məsləhət&ccedil;isi Rasim Hacıyev &ldquo;Qış otlaqlarından səmərəli istifadə edilməsinin&rdquo;, aparıcı məsləhət&ccedil;isi Umar Ş&uuml;k&uuml;rl&uuml; &ldquo;Xırdabuynuzlu heyvanların saxlanmasına və yunun keyfiyyətinin yaxşılaşdırılmasına qoyulan zoogigiyenik tələblər&rdquo;&nbsp;m&ouml;vzularında &ccedil;ıxış ediblər.</span></span></p>\r\n\r\n<p style=\"text-align:justify\"><span style=\"font-size:16px\"><span style=\"font-family:Times New Roman,Times,serif\">&nbsp; &nbsp; &nbsp;Sonda təsərr&uuml;fat sahiblərini maraqlandıran suallar cavablandırılıb, m&uuml;təxəssislər tərəfindən hazırlanan maarifləndirici bukletlər m&uuml;şavirə iştirak&ccedil;ılarına paylanıb.</span></span></p>', 1, '2022-02-02 12:18:22', '2022-02-02 13:24:55');

-- --------------------------------------------------------

--
-- Table structure for table `news_images`
--

CREATE TABLE `news_images` (
  `id` bigint(20) UNSIGNED NOT NULL,
  `news_id` int(11) NOT NULL,
  `image` varchar(255) COLLATE utf8mb4_unicode_ci NOT NULL,
  `created_at` timestamp NULL DEFAULT NULL,
  `updated_at` timestamp NULL DEFAULT NULL
) ENGINE=InnoDB DEFAULT CHARSET=utf8mb4 COLLATE=utf8mb4_unicode_ci;

--
-- Dumping data for table `news_images`
--

INSERT INTO `news_images` (`id`, `news_id`, `image`, `created_at`, `updated_at`) VALUES
(76, 23, 'news_images_1638437240.jpg', '2021-12-02 05:27:20', '2021-12-02 05:27:20'),
(77, 23, 'news_images_1638437253.jpg', '2021-12-02 05:27:33', '2021-12-02 05:27:33'),
(78, 24, 'news_images_1638439696.jpg', '2021-12-02 06:08:16', '2021-12-02 06:08:16'),
(79, 24, 'news_images_1638439702.jpg', '2021-12-02 06:08:22', '2021-12-02 06:08:22'),
(80, 24, 'news_images_1638439708.jpg', '2021-12-02 06:08:28', '2021-12-02 06:08:28'),
(82, 24, 'news_images_1638439738.jpg', '2021-12-02 06:08:58', '2021-12-02 06:08:58'),
(83, 24, 'news_images_1638439745.jpg', '2021-12-02 06:09:05', '2021-12-02 06:09:05'),
(85, 24, 'news_images_1638439765.jpg', '2021-12-02 06:09:25', '2021-12-02 06:09:25'),
(86, 24, 'news_images_1638439771.jpg', '2021-12-02 06:09:31', '2021-12-02 06:09:31'),
(87, 24, 'news_images_1638439778.jpg', '2021-12-02 06:09:38', '2021-12-02 06:09:38'),
(88, 24, 'news_images_1638439784.jpg', '2021-12-02 06:09:44', '2021-12-02 06:09:44'),
(89, 24, 'news_images_1638439790.jpg', '2021-12-02 06:09:50', '2021-12-02 06:09:50'),
(90, 24, 'news_images_1638439795.jpg', '2021-12-02 06:09:55', '2021-12-02 06:09:55'),
(91, 25, 'news_images_1638439921.jpg', '2021-12-02 06:12:01', '2021-12-02 06:12:01'),
(92, 26, 'news_images_1638440015.png', '2021-12-02 06:13:35', '2021-12-02 06:13:35'),
(93, 29, 'news_images_1638440259.png', '2021-12-02 06:17:39', '2021-12-02 06:17:39'),
(94, 29, 'news_images_1638440266.png', '2021-12-02 06:17:46', '2021-12-02 06:17:46'),
(95, 29, 'news_images_1638440272.png', '2021-12-02 06:17:52', '2021-12-02 06:17:52'),
(96, 29, 'news_images_1638440282.png', '2021-12-02 06:18:02', '2021-12-02 06:18:02'),
(97, 29, 'news_images_1638440299.png', '2021-12-02 06:18:19', '2021-12-02 06:18:19'),
(98, 29, 'news_images_1638440307.png', '2021-12-02 06:18:27', '2021-12-02 06:18:27'),
(99, 29, 'news_images_1638440314.png', '2021-12-02 06:18:34', '2021-12-02 06:18:34'),
(100, 29, 'news_images_1638440319.jpg', '2021-12-02 06:18:39', '2021-12-02 06:18:39'),
(101, 31, 'news_images_1638440499.jpg', '2021-12-02 06:21:39', '2021-12-02 06:21:39'),
(102, 31, 'news_images_1638440505.jpg', '2021-12-02 06:21:45', '2021-12-02 06:21:45'),
(103, 31, 'news_images_1638440510.jpg', '2021-12-02 06:21:50', '2021-12-02 06:21:50'),
(104, 31, 'news_images_1638440516.jpg', '2021-12-02 06:21:56', '2021-12-02 06:21:56'),
(105, 31, 'news_images_1638440522.jpg', '2021-12-02 06:22:02', '2021-12-02 06:22:02'),
(106, 31, 'news_images_1638440530.jpg', '2021-12-02 06:22:10', '2021-12-02 06:22:10'),
(107, 31, 'news_images_1638440536.jpg', '2021-12-02 06:22:16', '2021-12-02 06:22:16'),
(108, 31, 'news_images_1638440542.jpg', '2021-12-02 06:22:22', '2021-12-02 06:22:22'),
(109, 31, 'news_images_1638440548.jpg', '2021-12-02 06:22:28', '2021-12-02 06:22:28'),
(110, 31, 'news_images_1638440555.jpg', '2021-12-02 06:22:35', '2021-12-02 06:22:35'),
(111, 31, 'news_images_1638440560.jpg', '2021-12-02 06:22:40', '2021-12-02 06:22:40'),
(112, 36, 'news_images_1643817534.jpg', '2022-02-02 11:58:54', '2022-02-02 11:58:54'),
(113, 38, 'news_images_1643818724.jpg', '2022-02-02 12:18:44', '2022-02-02 12:18:44');

-- --------------------------------------------------------

--
-- Table structure for table `pages`
--

CREATE TABLE `pages` (
  `id` bigint(20) UNSIGNED NOT NULL,
  `title` varchar(255) COLLATE utf8mb4_unicode_ci NOT NULL,
  `content` longtext COLLATE utf8mb4_unicode_ci NOT NULL,
  `image` varchar(255) COLLATE utf8mb4_unicode_ci NOT NULL,
  `status` tinyint(4) NOT NULL,
  `created_at` timestamp NULL DEFAULT NULL,
  `updated_at` timestamp NULL DEFAULT NULL
) ENGINE=InnoDB DEFAULT CHARSET=utf8mb4 COLLATE=utf8mb4_unicode_ci;

--
-- Dumping data for table `pages`
--

INSERT INTO `pages` (`id`, `title`, `content`, `image`, `status`, `created_at`, `updated_at`) VALUES
(1, 'test', '<p>The Laravel Schema <a href=\"https://laravel.com/docs/8.x/facades\">facade</a> provides database agnostic support for creating and manipulating tables across all of Laravel\'s supported database systems. Typically, migrations will use this facade to create and modify database tables and columns.</p><p>&nbsp;</p><h2><a href=\"https://laravel.com/docs/8.x/migrations#generating-migrations\">Generating Migrations</a></h2><p>You may use the make:migration <a href=\"https://laravel.com/docs/8.x/artisan\">Artisan command</a> to generate a database migration. The new migration will be placed in your database/migrations directory. Each migration filename contains a timestamp that allows Laravel to determine the order of the migrations:</p><p>php artisan make:migration create_flights_table</p><p>Laravel will use the name of the migration to attempt to guess the name of the table and whether or not the migration will be creating a new table. If Laravel is able to determine the table name from the migration name, Laravel will pre-fill the generated migration file with the specified table. Otherwise, you may simply specify the table in the migration file manually.</p><p>If you would like to specify a custom path for the generated migration, you may use the --path option when executing the make:migration command. The given path should be relative to your application\'s base path.</p><blockquote><p><img src=\"https://laravel.com/img/callouts/lightbulb.min.svg\"></p><p>&nbsp;</p><p>Migration stubs may be customized using <a href=\"https://laravel.com/docs/8.x/artisan#stub-customization\">stub publishing</a>.</p><p>&nbsp;</p></blockquote><p>&nbsp;</p><h3><a href=\"https://laravel.com/docs/8.x/migrations#squashing-migrations\">Squashing Migrations</a></h3><p>As you build your application, you may accumulate more and more migrations over time. This can lead to your database/migrations directory becoming bloated with potentially hundreds of migrations. If you would like, you may \"squash\" your migrations into a single SQL file. To get started, execute the schema:dump command:</p><p>php artisan schema:dump // Dump the current database schema and prune all existing migrations... php artisan schema:dump --prune</p><p>When you execute this command, Laravel will write a \"schema\" file to your application\'s database/schema directory. Now, when you attempt to migrate your database and no other migrations have been executed, Laravel will execute the schema file\'s SQL statements first. After executing the schema file\'s statements, Laravel will execute any remaining migrations that were not part of the schema dump.</p><p>You should commit your database schema file to source control so</p><p>The Laravel Schema <a href=\"https://laravel.com/docs/8.x/facades\">facade</a> provides database agnostic support for creating and manipulating tables across all of Laravel\'s supported database systems. Typically, migrations will use this facade to create and modify database tables and columns.</p><p>&nbsp;</p><h2><a href=\"https://laravel.com/docs/8.x/migrations#generating-migrations\">Generating Migrations</a></h2><p>You may use the make:migration <a href=\"https://laravel.com/docs/8.x/artisan\">Artisan command</a> to generate a database migration. The new migration will be placed in your database/migrations directory. Each migration filename contains a timestamp that allows Laravel to determine the order of the migrations:</p><p>php artisan make:migration create_flights_table</p><p>Laravel will use the name of the migration to attempt to guess the name of the table and whether or not the migration will be creating a new table. If Laravel is able to determine the table name from the migration name, Laravel will pre-fill the generated migration file with the specified table. Otherwise, you may simply specify the table in the migration file manually.</p><p>If you would like to specify a custom path for the generated migration, you may use the --path option when executing the make:migration command. The given path should be relative to your application\'s base path.</p><blockquote><p><img src=\"https://laravel.com/img/callouts/lightbulb.min.svg\"></p><p>&nbsp;</p><p>Migration stubs may be customized using <a href=\"https://laravel.com/docs/8.x/artisan#stub-customization\">stub publishing</a>.</p><p>&nbsp;</p></blockquote><p>&nbsp;</p><h3><a href=\"https://laravel.com/docs/8.x/migrations#squashing-migrations\">Squashing Migrations</a></h3><p>As you build your application, you may accumulate more and more migrations over time. This can lead to your database/migrations directory becoming bloated with potentially hundreds of migrations. If you would like, you may \"squash\" your migrations into a single SQL file. To get started, execute the schema:dump command:</p><p>php artisan schema:dump // Dump the current database schema and prune all existing migrations... php artisan schema:dump --prune</p><p>When you execute this command, Laravel will write a \"schema\" file to your application\'s database/schema directory. Now, when you attempt to migrate your database and no other migrations have been executed, Laravel will execute the schema file\'s SQL statements first. After executing the schema file\'s statements, Laravel will execute any remaining migrations that were not part of the schema dump.</p><p>You should commit your database schema file to source control so</p><p>The Laravel Schema <a href=\"https://laravel.com/docs/8.x/facades\">facade</a> provides database agnostic support for creating and manipulating tables across all of Laravel\'s supported database systems. Typically, migrations will use this facade to create and modify database tables and columns.</p><p>&nbsp;</p><h2><a href=\"https://laravel.com/docs/8.x/migrations#generating-migrations\">Generating Migrations</a></h2><p>You may use the make:migration <a href=\"https://laravel.com/docs/8.x/artisan\">Artisan command</a> to generate a database migration. The new migration will be placed in your database/migrations directory. Each migration filename contains a timestamp that allows Laravel to determine the order of the migrations:</p><p>php artisan make:migration create_flights_table</p><p>Laravel will use the name of the migration to attempt to guess the name of the table and whether or not the migration will be creating a new table. If Laravel is able to determine the table name from the migration name, Laravel will pre-fill the generated migration file with the specified table. Otherwise, you may simply specify the table in the migration file manually.</p><p>If you would like to specify a custom path for the generated migration, you may use the --path option when executing the make:migration command. The given path should be relative to your application\'s base path.</p><blockquote><p><img src=\"https://laravel.com/img/callouts/lightbulb.min.svg\"></p><p>&nbsp;</p><p>Migration stubs may be customized using <a href=\"https://laravel.com/docs/8.x/artisan#stub-customization\">stub publishing</a>.</p><p>&nbsp;</p></blockquote><p>&nbsp;</p><h3><a href=\"https://laravel.com/docs/8.x/migrations#squashing-migrations\">Squashing Migrations</a></h3><p>As you build your application, you may accumulate more and more migrations over time. This can lead to your database/migrations directory becoming bloated with potentially hundreds of migrations. If you would like, you may \"squash\" your migrations into a single SQL file. To get started, execute the schema:dump command:</p><p>php artisan schema:dump // Dump the current database schema and prune all existing migrations... php artisan schema:dump --prune</p><p>When you execute this command, Laravel will write a \"schema\" file to your application\'s database/schema directory. Now, when you attempt to migrate your database and no other migrations have been executed, Laravel will execute the schema file\'s SQL statements first. After executing the schema file\'s statements, Laravel will execute any remaining migrations that were not part of the schema dump.</p><p>You should commit your database schema file to source control so</p><p>The Laravel Schema <a href=\"https://laravel.com/docs/8.x/facades\">facade</a> provides database agnostic support for creating and manipulating tables across all of Laravel\'s supported database systems. Typically, migrations will use this facade to create and modify database tables and columns.</p><p>&nbsp;</p><h2><a href=\"https://laravel.com/docs/8.x/migrations#generating-migrations\">Generating Migrations</a></h2><p>You may use the make:migration <a href=\"https://laravel.com/docs/8.x/artisan\">Artisan command</a> to generate a database migration. The new migration will be placed in your database/migrations directory. Each migration filename contains a timestamp that allows Laravel to determine the order of the migrations:</p><p>php artisan make:migration create_flights_table</p><p>Laravel will use the name of the migration to attempt to guess the name of the table and whether or not the migration will be creating a new table. If Laravel is able to determine the table name from the migration name, Laravel will pre-fill the generated migration file with the specified table. Otherwise, you may simply specify the table in the migration file manually.</p><p>If you would like to specify a custom path for the generated migration, you may use the --path option when executing the make:migration command. The given path should be relative to your application\'s base path.</p><blockquote><p><img src=\"https://laravel.com/img/callouts/lightbulb.min.svg\"></p><p>&nbsp;</p><p>Migration stubs may be customized using <a href=\"https://laravel.com/docs/8.x/artisan#stub-customization\">stub publishing</a>.</p><p>&nbsp;</p></blockquote><p>&nbsp;</p><h3><a href=\"https://laravel.com/docs/8.x/migrations#squashing-migrations\">Squashing Migrations</a></h3><p>As you build your application, you may accumulate more and more migrations over time. This can lead to your database/migrations directory becoming bloated with potentially hundreds of migrations. If you would like, you may \"squash\" your migrations into a single SQL file. To get started, execute the schema:dump command:</p><p>php artisan schema:dump\r\n\r\n// Dump the current database schema and prune all existing migrations...\r\nphp artisan schema:dump --prune</p><p>When you execute this command, Laravel will write a \"schema\" file to your application\'s database/schema directory. Now, when you attempt to migrate your database and no other migrations have been executed, Laravel will execute the schema file\'s SQL statements first. After executing the schema file\'s statements, Laravel will execute any remaining migrations that were not part of the schema dump.</p><p>You should commit your database schema file to source control so</p><p>The Laravel Schema <a href=\"https://laravel.com/docs/8.x/facades\">facade</a> provides database agnostic support for creating and manipulating tables across all of Laravel\'s supported database systems. Typically, migrations will use this facade to create and modify database tables and columns.</p><p>&nbsp;</p><h2><a href=\"https://laravel.com/docs/8.x/migrations#generating-migrations\">Generating Migrations</a></h2><p>You may use the make:migration <a href=\"https://laravel.com/docs/8.x/artisan\">Artisan command</a> to generate a database migration. The new migration will be placed in your database/migrations directory. Each migration filename contains a timestamp that allows Laravel to determine the order of the migrations:</p><p>php artisan make:migration create_flights_table</p><p>Laravel will use the name of the migration to attempt to guess the name of the table and whether or not the migration will be creating a new table. If Laravel is able to determine the table name from the migration name, Laravel will pre-fill the generated migration file with the specified table. Otherwise, you may simply specify the table in the migration file manually.</p><p>If you would like to specify a custom path for the generated migration, you may use the --path option when executing the make:migration command. The given path should be relative to your application\'s base path.</p><blockquote><p><img src=\"https://laravel.com/img/callouts/lightbulb.min.svg\"></p><p>&nbsp;</p><p>Migration stubs may be customized using <a href=\"https://laravel.com/docs/8.x/artisan#stub-customization\">stub publishing</a>.</p><p>&nbsp;</p></blockquote><p>&nbsp;</p><h3><a href=\"https://laravel.com/docs/8.x/migrations#squashing-migrations\">Squashing Migrations</a></h3><p>As you build your application, you may accumulate more and more migrations over time. This can lead to your database/migrations directory becoming bloated with potentially hundreds of migrations. If you would like, you may \"squash\" your migrations into a single SQL file. To get started, execute the schema:dump command:</p><p>php artisan schema:dump\r\n\r\n// Dump the current database schema and prune all existing migrations...\r\nphp artisan schema:dump --prune</p><p>When you execute this command, Laravel will write a \"schema\" file to your application\'s database/schema directory. Now, when you attempt to migrate your database and no other migrations have been executed, Laravel will execute the schema file\'s SQL statements first. After executing the schema file\'s statements, Laravel will execute any remaining migrations that were not part of the schema dump.</p><p>You should commit your database schema file to source control so</p><p>The Laravel Schema <a href=\"https://laravel.com/docs/8.x/facades\">facade</a> provides database agnostic support for creating and manipulating tables across all of Laravel\'s supported database systems. Typically, migrations will use this facade to create and modify database tables and columns.</p><p>&nbsp;</p><h2><a href=\"https://laravel.com/docs/8.x/migrations#generating-migrations\">Generating Migrations</a></h2><p>You may use the make:migration <a href=\"https://laravel.com/docs/8.x/artisan\">Artisan command</a> to generate a database migration. The new migration will be placed in your database/migrations directory. Each migration filename contains a timestamp that allows Laravel to determine the order of the migrations:</p><p>php artisan make:migration create_flights_table</p><p>Laravel will use the name of the migration to attempt to guess the name of the table and whether or not the migration will be creating a new table. If Laravel is able to determine the table name from the migration name, Laravel will pre-fill the generated migration file with the specified table. Otherwise, you may simply specify the table in the migration file manually.</p><p>If you would like to specify a custom path for the generated migration, you may use the --path option when executing the make:migration command. The given path should be relative to your application\'s base path.</p><blockquote><p><img src=\"https://laravel.com/img/callouts/lightbulb.min.svg\"></p><p>&nbsp;</p><p>Migration stubs may be customized using <a href=\"https://laravel.com/docs/8.x/artisan#stub-customization\">stub publishing</a>.</p><p>&nbsp;</p></blockquote><p>&nbsp;</p><h3><a href=\"https://laravel.com/docs/8.x/migrations#squashing-migrations\">Squashing Migrations</a></h3><p>As you build your application, you may accumulate more and more migrations over time. This can lead to your database/migrations directory becoming bloated with potentially hundreds of migrations. If you would like, you may \"squash\" your migrations into a single SQL file. To get started, execute the schema:dump command:</p><p>php artisan schema:dump\r\n\r\n// Dump the current database schema and prune all existing migrations...\r\nphp artisan schema:dump --prune</p><p>When you execute this command, Laravel will write a \"schema\" file to your application\'s database/schema directory. Now, when you attempt to migrate your database and no other migrations have been executed, Laravel will execute the schema file\'s SQL statements first. After executing the schema file\'s statements, Laravel will execute any remaining migrations that were not part of the schema dump.</p><p>You should commit your database schema file to source control so</p>', 'pages_1638162847.png', 1, '2021-11-29 01:14:07', '2021-11-29 01:15:20');

-- --------------------------------------------------------

--
-- Table structure for table `password_resets`
--

CREATE TABLE `password_resets` (
  `email` varchar(255) COLLATE utf8mb4_unicode_ci NOT NULL,
  `token` varchar(255) COLLATE utf8mb4_unicode_ci NOT NULL,
  `created_at` timestamp NULL DEFAULT NULL
) ENGINE=InnoDB DEFAULT CHARSET=utf8mb4 COLLATE=utf8mb4_unicode_ci;

-- --------------------------------------------------------

--
-- Table structure for table `personal_access_tokens`
--

CREATE TABLE `personal_access_tokens` (
  `id` bigint(20) UNSIGNED NOT NULL,
  `created_at` timestamp NULL DEFAULT NULL,
  `updated_at` timestamp NULL DEFAULT NULL
) ENGINE=InnoDB DEFAULT CHARSET=utf8mb4 COLLATE=utf8mb4_unicode_ci;

-- --------------------------------------------------------

--
-- Table structure for table `photos`
--

CREATE TABLE `photos` (
  `id` bigint(20) UNSIGNED NOT NULL,
  `images` varchar(255) COLLATE utf8mb4_unicode_ci NOT NULL,
  `created_at` timestamp NULL DEFAULT NULL,
  `updated_at` timestamp NULL DEFAULT NULL
) ENGINE=InnoDB DEFAULT CHARSET=utf8mb4 COLLATE=utf8mb4_unicode_ci;

--
-- Dumping data for table `photos`
--

INSERT INTO `photos` (`id`, `images`, `created_at`, `updated_at`) VALUES
(49, 'photos_1643816647.jpg', '2022-02-02 11:44:07', '2022-02-02 11:44:07'),
(50, 'photos_1643816679.jpg', '2022-02-02 11:44:39', '2022-02-02 11:44:39'),
(51, 'photos_1643816701.jpg', '2022-02-02 11:45:01', '2022-02-02 11:45:01'),
(52, 'photos_1643816852.jpg', '2022-02-02 11:47:32', '2022-02-02 11:47:32'),
(54, 'photos_1643816874.jpg', '2022-02-02 11:47:54', '2022-02-02 11:47:54'),
(55, 'photos_1643817005.jpg', '2022-02-02 11:50:05', '2022-02-02 11:50:05'),
(56, 'photos_1643824052.jpg', '2022-02-02 13:47:32', '2022-02-02 13:47:32');

-- --------------------------------------------------------

--
-- Table structure for table `reports`
--

CREATE TABLE `reports` (
  `id` bigint(20) UNSIGNED NOT NULL,
  `title` varchar(255) COLLATE utf8mb4_unicode_ci NOT NULL,
  `content` text COLLATE utf8mb4_unicode_ci NOT NULL,
  `status` tinyint(4) NOT NULL,
  `created_at` timestamp NULL DEFAULT NULL,
  `updated_at` timestamp NULL DEFAULT NULL
) ENGINE=InnoDB DEFAULT CHARSET=utf8mb4 COLLATE=utf8mb4_unicode_ci;

--
-- Dumping data for table `reports`
--

INSERT INTO `reports` (`id`, `title`, `content`, `status`, `created_at`, `updated_at`) VALUES
(1, 'vgvghc', '<p>vhghc</p>', 1, '2021-11-26 07:31:59', '2021-11-26 07:31:59'),
(2, 'vgvghc', '<p>vhghc</p>', 1, '2021-11-26 07:32:48', '2021-11-26 07:32:48'),
(3, 'xbxz', '<p>xzzx</p>', 1, '2021-11-26 08:02:35', '2021-11-26 08:02:35');

-- --------------------------------------------------------

--
-- Table structure for table `settings`
--

CREATE TABLE `settings` (
  `id` bigint(20) UNSIGNED NOT NULL,
  `title` varchar(255) COLLATE utf8mb4_unicode_ci NOT NULL,
  `phone` varchar(255) COLLATE utf8mb4_unicode_ci NOT NULL,
  `mail` varchar(255) COLLATE utf8mb4_unicode_ci NOT NULL,
  `address` varchar(255) COLLATE utf8mb4_unicode_ci NOT NULL,
  `created_at` timestamp NULL DEFAULT NULL,
  `updated_at` timestamp NULL DEFAULT NULL
) ENGINE=InnoDB DEFAULT CHARSET=utf8mb4 COLLATE=utf8mb4_unicode_ci;

--
-- Dumping data for table `settings`
--

INSERT INTO `settings` (`id`, `title`, `phone`, `mail`, `address`, `created_at`, `updated_at`) VALUES
(1, 'Əlaqə', '545-02-47', 'ktn@nakhchivan.az', 'Naxçıvan şəhəri, Xətai məhəlləsi,     Naxçıvan Muxtar Respublikası                 Kənd Təsərrüfatı Nazirliyi.', NULL, '2022-01-31 04:44:28');

-- --------------------------------------------------------

--
-- Table structure for table `sliders`
--

CREATE TABLE `sliders` (
  `id` bigint(20) UNSIGNED NOT NULL,
  `title` varchar(255) COLLATE utf8mb4_unicode_ci NOT NULL,
  `image` varchar(255) COLLATE utf8mb4_unicode_ci NOT NULL,
  `status` tinyint(4) NOT NULL,
  `created_at` timestamp NULL DEFAULT NULL,
  `updated_at` timestamp NULL DEFAULT NULL
) ENGINE=InnoDB DEFAULT CHARSET=utf8mb4 COLLATE=utf8mb4_unicode_ci;

--
-- Dumping data for table `sliders`
--

INSERT INTO `sliders` (`id`, `title`, `image`, `status`, `created_at`, `updated_at`) VALUES
(2, 'Slide1', 'sliders_1638271739.png', 1, '2021-11-30 07:28:59', '2021-11-30 08:16:22'),
(16, 'slide3', 'sliders_1643641427.jpg', 1, '2022-01-31 11:03:47', '2022-01-31 11:03:47'),
(20, 'slide5', 'sliders_1643643091.jpg', 1, '2022-01-31 11:31:31', '2022-01-31 11:31:31'),
(24, 'slide5', 'sliders_1643646348.jpg', 1, '2022-01-31 12:25:48', '2022-01-31 12:25:48'),
(26, 'slide7', 'sliders_1643815364.jpg', 1, '2022-02-02 11:22:44', '2022-02-02 11:22:44'),
(29, 'slide8', 'sliders_1643819879.jpg', 1, '2022-02-02 12:37:59', '2022-02-02 12:37:59'),
(31, 'slider9', 'sliders_1643820074.jpg', 1, '2022-02-02 12:41:14', '2022-02-02 12:41:14'),
(32, 'slider11', 'sliders_1643822966.jpg', 1, '2022-02-02 13:29:26', '2022-02-02 13:29:26');

-- --------------------------------------------------------

--
-- Table structure for table `static_pages`
--

CREATE TABLE `static_pages` (
  `id` bigint(20) UNSIGNED NOT NULL,
  `title` varchar(255) COLLATE utf8mb4_unicode_ci NOT NULL,
  `content` longtext COLLATE utf8mb4_unicode_ci NOT NULL,
  `status` tinyint(4) NOT NULL DEFAULT 1,
  `category` int(11) NOT NULL,
  `created_at` timestamp NULL DEFAULT NULL,
  `updated_at` timestamp NULL DEFAULT NULL
) ENGINE=InnoDB DEFAULT CHARSET=utf8mb4 COLLATE=utf8mb4_unicode_ci;

--
-- Dumping data for table `static_pages`
--

INSERT INTO `static_pages` (`id`, `title`, `content`, `status`, `category`, `created_at`, `updated_at`) VALUES
(2, 'Kənd təsərrüfatının inkişafı diqqətdə saxlanılır.', '<p style=\"text-align:justify\"><span style=\"font-size:16px\">Nax&ccedil;ıvan Muxtar Respublikası Kənd Təsərr&uuml;fatı Nazirliyinin əməkdaşları tərəfindən avqust ayı ərzində kənd təsərr&uuml;fatının m&uuml;xtəlif sahələri ilə əlaqədar m&uuml;şavirələr, tarla seminarları ke&ccedil;irilib. Həm&ccedil;inin muxtar respublikada kartof yığımının qısa m&uuml;ddətdə başa &ccedil;atdırılması, məhsulun Nax&ccedil;ıvan Muxtar Respublikası İqtisadiyyat Nazirliyinin və sahibkarların soyuducu anbarlarına təhvil verilməsi ilə əlaqədar maarifləndirmə işləri aparılıb. Bi&ccedil;indən sonra təkrar əkinlərin həyata ke&ccedil;irilməsi, əkin sahələrində aqrotexniki qulluğun d&uuml;zg&uuml;n və vaxtında aparılması, payızlıq taxıl əkinlərinə hazırlıqla əlaqədar n&ouml;vbəli əkin sisteminə əməl etməklə sahələrin se&ccedil;ilməsi, keyfiyyətli şumun qaldırılması, toxumun dərmanlanmasının əhəmiyyəti m&ouml;vzularında torpaq m&uuml;lkiyyət&ccedil;iləri və ailə təsərr&uuml;fatı sahiblərinin iştirakı ilə tarla-seminar m&uuml;şavirələri ke&ccedil;irilib. &Ouml;tən ay nazirliyin əməkdaşları Ekologiya və Təbii Sərvətlər Nazirliyinin, Daşınmaz Əmlak və Torpaq Məsələləri &uuml;zrə D&ouml;vlət Xidmətinin m&uuml;təxəssisləri ilə birlikdə Ordubad və Culfa rayonları ərazisində torpaqların şorluluq dərəcəsi və eroziyası ilə bağlı monitorinqlər və planaalma işləri aparıblar. Ay ərzində Babək rayonundan &uuml;z&uuml;ml&uuml;klərdə və meyvə bağlarında məhsulun vəhşi arılardan qorunması ilə bağlı 16, Babək və Şərur rayonlarında təkrar əkinlərin aparılması ilə əlaqədar 19, payız calağının işlənməsi ilə bağlı 14, kartofun sadə &uuml;sullarla saxlanması ilə əlaqədar 21 nəfər nazirliyə m&uuml;raciət edib, m&uuml;təxəssislər tərəfindən onlara lazımi t&ouml;vsiyələr verilib. Hesabat d&ouml;vr&uuml;ndə Akademik Həsən Əliyev adına &ldquo;Araz&rdquo; Elmİstehsalat Birliyinin Aqrokimya, torpaqş&uuml;naslıq və torpaqların k&uuml;tləvi analizləri ş&ouml;bəsinin əməkdaşları tərəfindən Ordubad rayonunun &Uuml;st&uuml;p&uuml;, Darkənd və Aza yaşayış məntəqələrində torpaq tədqiqat işləri aparılıb, torpaq n&uuml;munələri g&ouml;t&uuml;r&uuml;lərək analiz olunması &uuml;&ccedil;&uuml;n laboratoriyaya verilib. &Uuml;&ccedil; torpaq m&uuml;lkiyyət&ccedil;isi və ailə təsərr&uuml;fatı baş&ccedil;ısı tərəfindən gətirilən 7 torpaq n&uuml;munəsi analiz olunaraq tərkibindəki qida maddələri barədə onlara məlumat verilib. Muxtar respublikada şoranlaşmış və eroziyaya uğramış torpaqların m&uuml;əyyənləşdirilməsi &uuml;&ccedil;&uuml;n tədqiqat işlərinə başlanılıb. Toxum&ccedil;uluq və bitkilərin m&uuml;hafizəsi idarəsinin m&uuml;təxəssisləri muxtar respublikanın rayonlarında ailə təsərr&uuml;fatı &uuml;zvləri, fermerlərlə kənd təsərr&uuml;fatı bitkilərinin başlıca xəstəlik və zərərvericiləri, onlara qarşı m&uuml;barizə tədbirləri barədə fərdi qaydada maarifləndirici s&ouml;hbətlər aparıblar. M&uuml;xtəlif əkin sahələrində xəstəlik və zərərvericilərin aşkarlanması məqsədilə idarəyə gətirilən n&uuml;munələrə baxılıb, 40 təsərr&uuml;fat sahibinə lazımi məsləhət və t&ouml;vsiyələr verilib. Toxum&ccedil;uluq təsərr&uuml;fatları və fermerlər tərəfindən laboratoriyaya gətirilən toxumlar analizdən ke&ccedil;irilib, analizin nəticəsi ilə bağlı onlara analiz aktı təqdim olunub. Payız-qış m&ouml;vs&uuml;m&uuml;ndə malqaranın saxlanması, arı ailələrinin qışlamaya hazırlanması, yarana biləcək xəstəliklərə qarşı profilaktik tədbirlərin aparılması məqsədilə sahibkarlarla fərdi qaydada maarifləndirici g&ouml;r&uuml;şlər ke&ccedil;irilib.</span></p>\r\n\r\n<p style=\"text-align:justify\">&nbsp;</p>\r\n\r\n<p style=\"text-align:right\"><span style=\"font-size:16px\"><strong>Nax&ccedil;ıvan Muxtar Respublikası Kənd Təsərr&uuml;fatı</strong></span></p>\r\n\r\n<p style=\"text-align:right\"><span style=\"font-size:16px\"><strong>Nazirliyinin mətbuat xidməti</strong></span></p>', 1, 18, '2021-11-29 02:19:59', '2021-11-29 03:53:36'),
(3, 'Naxçıvan Muxtar Respublikası Kənd Təsərrüfatı Nazirliyinə məktub yazmaq qaydaları', '<p>NAX&Ccedil;IVAN MUXTAR RESPUBLİKASI KƏND TƏSƏRR&Uuml;FATI NAZİRLİYİNİN &Uuml;NVANINA ELEKTRON FORMADA M&Uuml;RACİƏT G&Ouml;NDƏRMƏZDƏN ƏVVƏL, XAHİŞ EDİRİK QAYDALARLA TANIŞ OLUN:</p>\r\n\r\n<ol>\r\n	<li><span style=\"font-size:16px\">Nax&ccedil;ıvan Muxtar Respublikası Kənd Təsərr&uuml;fatı Nazirliyinin rəsmi internet səhifəsi vasitəsi ilə elektron formada g&ouml;ndərilmiş m&uuml;raciətlər Nax&ccedil;ıvan Muxtar Respublikası Kənd Təsərr&uuml;fatı Nazirliyinin məktublar ş&ouml;bəsinə daxil olur və &rdquo;Vətəndaşların m&uuml;raciətlərinə baxılması qaydası haqqında&rdquo; Azərbaycan Respublikasının 1997-ci il 10 iyun tarixli 314-IQ n&ouml;mrəli Qanununa, habelə Azərbaycan Respublikası Prezidentinin 1998-ci il 29 dekabr tarixli Fərmanı ilə təsdiq edilmiş &ldquo;D&ouml;vlət hakimiyyəti orqanlarında, idarə, təşkilat və m&uuml;əssisələrdə vətəndaşların təklif, ərizə və şikayətləri &uuml;zrə karg&uuml;zarlığın aparılması Qaydaları&rdquo;na uyğun olaraq qeydiyyata alınır və baxılır.</span></li>\r\n	<li><span style=\"font-size:16px\">Mətni yazmazdan əvvəl nəzərdə tutulmuş formanın d&uuml;zg&uuml;n cavablandırılması vacibdir.</span></li>\r\n	<li><span style=\"font-size:16px\">Mətn m&uuml;tləq yazıldığı dilin əlifbası ilə tərtib olunmalıdır, b&uuml;t&ouml;vl&uuml;kdə b&ouml;y&uuml;k və ya ki&ccedil;ik hərflərlə yazılmamalı, c&uuml;mlələrə b&ouml;l&uuml;nməli, durğu işarələrindən istifadə qaydalarına riayət edilməlidir.</span></li>\r\n	<li><span style=\"font-size:16px\">M&uuml;raciət aydın və səlis c&uuml;mlələrlə yazılmalıdır.</span></li>\r\n	<li><span style=\"font-size:16px\">M&uuml;raciət edərkən etika qaydaları g&ouml;zlənilməlidir. Nəzakətsiz ifadələr işlədildikdə və ya m&uuml;əllif &ouml;z&uuml; barədə məlumatları dəqiq g&ouml;stərmədikdə m&uuml;raciətə cavab verilmir.</span></li>\r\n	<li><span style=\"font-size:16px\">H&ouml;rmətli internet səhifəsi istifadə&ccedil;iləri!&nbsp;B&ouml;y&uuml;k informasiya axınının işlənməsi x&uuml;susiyyətlərini nəzərə alaraq, xahiş edirik bəzi məhdudiyyətlərə h&ouml;rmətlə yanaşasınız:</span>\r\n	<ul>\r\n		<li><span style=\"font-size:16px\">Bir mənbədən elektron məlumatın g&ouml;ndərilməsinin vaxtı serverin y&uuml;klənməsindən asılı olaraq 1-5 dəqiqə ilə məhdudlaşır.</span></li>\r\n		<li><span style=\"font-size:16px\">Elektron m&uuml;raciətin mətni 1500 işarədən &ccedil;ox olmamalıdır.</span></li>\r\n		<li><span style=\"font-size:16px\">Elektron m&uuml;raciətdə qoşma fayllar olmamalıdır. Mətni uzun olan məktublar, sənəd surətləri, fotoşəkillər və yol verilən digər əlavələr Nax&ccedil;ıvan Muxtar Respublikası Kənd Təsərr&uuml;fatı Nazirliyinin E-mail:&nbsp;<strong><a href=\"mailto:ktn@nakhchivan.az\">ktn@nakhchivan.az</a></strong>&nbsp;&uuml;nvanına və ya adi po&ccedil;tla bu &uuml;nvana g&ouml;ndərilməlidir:</span></li>\r\n	</ul>\r\n	</li>\r\n</ol>\r\n\r\n<address>Nax&ccedil;ıvan şəhəri, AZ 7000, Nizami k&uuml;&ccedil;əsi-30, Nax&ccedil;ıvan Muxtar Respublikası Kənd Təsərr&uuml;fatı Nazirliyi.</address>', 1, 15, '2021-11-29 02:58:18', '2021-11-29 03:10:02'),
(4, 'Naxçıvan Muxtar Respublikasının Kənd Təsərrüfatı  Nazirliyi haqqında Əsasnamənin təsdiq edilməsi barədə', '<p>NAX&Ccedil;IVAN MUXTAR RESPUBLİKASI ALİ MƏCLİSİ SƏDRİNİN</p>\r\n\r\n<p>F Ə R M A N I</p>\r\n\r\n<p>Nax&ccedil;ıvan Muxtar Respublikası Kənd Təsərr&uuml;fatı Nazirliyinin fəaliyyətini təmin etmək və strukturunu təkmilləşdirmək məqsədi ilə&nbsp;qərara alıram:</p>\r\n\r\n<p>Nax&ccedil;ıvan Muxtar Respublikasının Kənd Təsərr&uuml;fatı Nazirliyi haqqında Əsasnamə təsdiq edilsin (əlavə olunur).<br />\r\nNax&ccedil;ıvan Muxtar Respublikasının Nazirlər Kabineti:<br />\r\n- Nax&ccedil;ıvan Muxtar Respublikasının Kənd Təsərr&uuml;fatı Nazirliyinin yeni strukturunu təsdiq etsin;</p>\r\n\r\n<p>- bu Fərmandan irəli gələn məsələləri həll etsin.</p>\r\n\r\n<p>Bu Fərman imzalandığı g&uuml;ndən q&uuml;vvəyə minir.</p>\r\n\r\n<p><br />\r\n&nbsp;&nbsp;&nbsp;&nbsp;&nbsp;&nbsp;&nbsp;&nbsp;&nbsp;&nbsp;&nbsp;&nbsp;&nbsp;&nbsp;&nbsp;&nbsp;&nbsp;&nbsp;&nbsp;&nbsp;&nbsp;&nbsp;&nbsp;&nbsp;&nbsp;&nbsp;&nbsp;&nbsp;&nbsp;&nbsp;&nbsp;&nbsp;&nbsp;&nbsp;&nbsp;&nbsp;&nbsp;&nbsp;&nbsp;&nbsp;&nbsp;Nax&ccedil;ıvan Muxtar Respublikası</p>\r\n\r\n<p>&nbsp;&nbsp;&nbsp;&nbsp;&nbsp;&nbsp;&nbsp;&nbsp;&nbsp;&nbsp;&nbsp;&nbsp;&nbsp;&nbsp;&nbsp;&nbsp;&nbsp;&nbsp;&nbsp;&nbsp;&nbsp;&nbsp;&nbsp;&nbsp;&nbsp;&nbsp;&nbsp;&nbsp;&nbsp;&nbsp;&nbsp;&nbsp;&nbsp;&nbsp;&nbsp;&nbsp;&nbsp;&nbsp;&nbsp;&nbsp;&nbsp;&nbsp;&nbsp;&nbsp;&nbsp;&nbsp;&nbsp;&nbsp;&nbsp;&nbsp;Ali Məclisinin Sədri&nbsp;&nbsp;&nbsp;&nbsp;&nbsp;&nbsp;&nbsp;&nbsp;&nbsp;&nbsp;&nbsp;&nbsp;&nbsp;&nbsp;&nbsp;&nbsp;&nbsp;&nbsp;&nbsp;&nbsp;&nbsp;&nbsp;&nbsp;&nbsp;&nbsp;&nbsp;&nbsp;&nbsp;&nbsp;&nbsp;&nbsp;&nbsp;&nbsp;&nbsp;&nbsp;&nbsp;&nbsp;&nbsp;&nbsp;&nbsp;&nbsp;&nbsp;&nbsp;&nbsp;&nbsp;&nbsp;&nbsp;&nbsp;&nbsp;&nbsp;&nbsp;&nbsp;&nbsp;&nbsp;&nbsp;&nbsp;&nbsp;&nbsp;&nbsp;&nbsp;&nbsp;&nbsp;&nbsp;&nbsp;&nbsp;&nbsp;&nbsp;&nbsp;&nbsp;&nbsp;&nbsp;&nbsp;VASİF TALIBOV</p>\r\n\r\n<p>&nbsp;</p>\r\n\r\n<p>Nax&ccedil;ıvan şəhəri, 26 fevral&nbsp;&nbsp;2003-c&uuml; il</p>\r\n\r\n<p>№&nbsp;&nbsp;89-II FR</p>\r\n\r\n<p>&nbsp;Nax&ccedil;ıvan &nbsp;&nbsp;Muxtar &nbsp;&nbsp;Respublikası &nbsp;Ali&nbsp;&nbsp;Məclisi</p>\r\n\r\n<p>Sədrinin 2003-c&uuml; &nbsp;il &nbsp;26 fevral tarixli 89 -II FR</p>\r\n\r\n<p>n&ouml;mrəli Fərmanı ilə təsdiq edilmişdir.</p>\r\n\r\n<p>Nax&ccedil;ıvan Muxtar Respublikasının Kənd Təsərr&uuml;fatı</p>\r\n\r\n<p>Nazirliyi haqqında</p>\r\n\r\n<p>ƏSASNAMƏ</p>\r\n\r\n<p>I &Uuml;mumi m&uuml;ddəalar</p>\r\n\r\n<p>1.1. Nax&ccedil;ıvan&nbsp;&nbsp;&nbsp;&nbsp;Muxtar Respublikasının Kənd Təsərr&uuml;fatı Nazirliyi (bundan sonra - Nazirlik) Nax&ccedil;ıvan Muxtar Respublikasında kənd təsərr&uuml;fatı sahəsində d&ouml;vlət siyasətini formalaşdıran və həyata ke&ccedil;irən mərkəzi icra hakimiyyəti orqanıdır.</p>\r\n\r\n<p>1.2. Nazirlik &ouml;z fəaliyyətində Azərbaycan Respublikasının və Nax&ccedil;ıvan Muxtar Respublikası Konstitusiyalarını, Azərbaycan Respublikasının və Nax&ccedil;ıvan Muxtar Respublikasının qanunlarını, Azərbaycan Respublikası Prezidentinin və Nax&ccedil;ıvan Muxtar Respublikası Ali Məclisi Sədrinin Fərman və sərəncamlarını, Azərbaycan Respublikası və Nax&ccedil;ıvan Muxtar Respublikası Nazirlər Kabinetinin qərar və sərəncamlarını, digər normativ h&uuml;quqi aktları və bu Əsasnaməni rəhbər tutur.</p>\r\n\r\n<p>1.3. Nazirlik &ouml;z fəaliyyətini digər mərkəzi və yerli icra hakimiyyəti orqanları, yerli &ouml;z&uuml;n&uuml; idarəetmə orqanları, habelə ictimai təşkilatlarla qarşılıqlı əlaqəli şəkildə həyata ke&ccedil;irir.</p>\r\n\r\n<p>1.4. Nazirlik h&uuml;quqi şəxsdir, m&uuml;stəqil balansa, operativ idarə&ccedil;ilik h&uuml;ququ ilə d&ouml;vlət m&uuml;lkiyyətində olan əmlaka, &uuml;zərində D&ouml;vlət gerbinin təsviri və &ouml;z adı əks olunmuş m&ouml;h&uuml;rə, m&uuml;vafiq ştamplara və blanklara, bank hesablarına malikdir.</p>\r\n\r\n<p>1.5. Nazirlik Nax&ccedil;ıvan şəhərində yerləşir.</p>\r\n\r\n<p>II Nazirliyin əsas vəzifələri</p>\r\n\r\n<p>Nazirliyin əsas vəzifələri aşağıdakılardır:</p>\r\n\r\n<p>2.1. Kənd təsərr&uuml;fatı sahəsində d&ouml;vlət siyasətinin formalaşdırılmasının və həyata ke&ccedil;irilməsinin təmin edilməsi.</p>\r\n\r\n<p>2.2. Muxtar Respublikada aqrar islahatın həyata ke&ccedil;irilməsində yerli və rayon aqrar islahatı komissiyalarına əməli k&ouml;məklik g&ouml;stərilməsi.</p>\r\n\r\n<p>2.3. Kənd təsərr&uuml;fatı sahəsində sosial-iqtisadi inkişafın əsas istiqamətlərinin m&uuml;əyyənləşdirilməsi, kənd təsərr&uuml;fatı sahəsində m&uuml;vafiq standartlar, normalar və qaydaların işlənib hazırlanması.</p>\r\n\r\n<p>2.4. Təsərr&uuml;fatlarda toxum&ccedil;uluq istehsalı sahəsində y&uuml;ksək məhsuldarlığa və sabit irsi əlamətlərə malik, xəstəliklərə, ziyanvericilərə və m&uuml;xtəlif iqlim şəraitinə d&ouml;z&uuml;ml&uuml; bitki sortlarının yaradılması sahəsində seleksiya işlərinin aparılması, onların sort sınağının ke&ccedil;irilməsinin və d&ouml;vlət toxum ehtiyatlarının yaradılmasının təşkil edilməsi.</p>\r\n\r\n<p>2.5. Damazlıq işi sahəsində y&uuml;ksək məhsuldarlığa və sabit irsi əlamətlərə malik cins heyvanlar yetişdirilməsinin, onların&nbsp;&nbsp;sınağının, təkrar istehsalının və səmərəli istifadəsinin təşkil edilməsi.</p>\r\n\r\n<p>2.6. Kənd təsərr&uuml;fatının texnika, maşın, avadanlıq, ehtiyat hissələri və digər istehsal təyinatlı mallara olan tələbatının təhlil edilməsi və proqnozlaşdırılması, m&uuml;vafiq icra hakimiyyəti orqanları ilə birlikdə həmin tələbatın &ouml;dənilməsi &uuml;&ccedil;&uuml;n təkliflərin verilməsi.</p>\r\n\r\n<p>2.7. Kənd təsərr&uuml;fatı məhsulları istehsalının artırılmasına və emal sahələrinin inkişafına y&ouml;nəlmiş x&uuml;susi proqramların hazırlanması.</p>\r\n\r\n<p>2.8. Kənd təsərr&uuml;fatı m&uuml;əssisələrində torpağın m&uuml;nbitliyinin bərpasının, g&uuml;brə və digər kimyəvi preparatlardan d&uuml;zg&uuml;n və səmərəli istifadənin təmin edilməsi.</p>\r\n\r\n<p>2.9. Nazirlik sistemində m&uuml;hasibat u&ccedil;otu və statistik hesabat işlərinin təşkil edilməsi və təkmilləşdirilməsi.</p>\r\n\r\n<p>2.10. Nazirlik sistemində sosial-məişət və əmək şəraitinin yaxşılaşdırılması, əməyin m&uuml;hafizəsi, təhl&uuml;kəsizlik, istehsalat- sanitariya qaydalarına riayət edilməsinin təmin edilməsi.</p>\r\n\r\n<p>2.11. Bitki m&uuml;hafizəsi və bitki karantini sahəsində m&uuml;vafiq tədbirlərin həyata ke&ccedil;irilməsi.</p>\r\n\r\n<p>2.12. Baytarlıq təbabəti sahəsində fəaliyyətin beynəlxalq tələblərə uyğun olaraq tənzimlənməsi.</p>\r\n\r\n<p>2.13. Qanunvericiliklə Nazirliyə həvalə edilmiş digər vəzifələrin həyata ke&ccedil;irilməsi</p>\r\n\r\n<p>III Nazirliyin əsas funksiyaları</p>\r\n\r\n<p>Nazirlik bu Əsasnamə ilə m&uuml;əyyən edilmiş vəzifələrə uyğun olaraq aşağıdakı əsas funksiyaları həyata ke&ccedil;irir:</p>\r\n\r\n<p>3.1. Tabeliyində olan idarə və təşkilatların fəaliyyətinə &ouml;z səlahiyyətləri &ccedil;ər&ccedil;ivəsində k&ouml;məklik g&ouml;stərir və nəzarət edir.</p>\r\n\r\n<p>3.2. Kənd təsərr&uuml;fatında y&uuml;ksək səmərəli ixtira və kəşflərin sınaq və tətbiqini təşkil edir. Kənd təsərr&uuml;fatı sahəsində qəbul olunmuş elmi-texniki proqramları həyata ke&ccedil;irir.</p>\r\n\r\n<p>3.3. Kənd təsərr&uuml;fatı sisteminə daxil olan elmi təşkilatların inkişafına dair m&uuml;vafiq tədbirlər işləyib həyata ke&ccedil;irir.</p>\r\n\r\n<p>3.4. M&uuml;əyyən edilmiş qaydada kənd təsərr&uuml;fatı sahəsində beynəlxalq elmi-texniki, iqtisadi əməkdaşlığın və əlaqələrin genişləndirilməsi sahəsində m&uuml;vafiq təkliflər hazırlayır və həyata ke&ccedil;irir.</p>\r\n\r\n<p>3.5. Kənd təsərr&uuml;fatı məhsullarının istehsalının artırılması sahəsində texniki, texnoloji, təşkilati və iqtisadi tədbirləri işləyib hazırlayır və həyata ke&ccedil;irir.</p>\r\n\r\n<p>3.6. &Ouml;z səlahiyyətləri h&uuml;dudlarında kənd təsərr&uuml;fatında təsərr&uuml;fat fəaliyyətinin h&uuml;quqi tənzimlənməsini həyata ke&ccedil;irir.</p>\r\n\r\n<p>3.7. Suvarılan torpaqların və kənd təsərr&uuml;fatının su təchizatının yaxşılaşdırımasına dair təkliflər verir.</p>\r\n\r\n<p>3.8. Kəndli (fermer) təsərr&uuml;fatlarına və digər kənd təsərr&uuml;fatı əmtəə istehsal&ccedil;ılarına informasiya-məsləhət xidməti təşkil edir.</p>\r\n\r\n<p>3.9. Muxtar Respublika ərazisində m&ouml;vcud qanunvericiliyə uyğun fiziki və h&uuml;quqi şəxslərə məxsus olan kənd təsərr&uuml;fatı maşın və mexanizmlərinin texniki vəziyyəti və istismarı &uuml;zərində d&ouml;vlət nəzarətini həyata ke&ccedil;irir.</p>\r\n\r\n<p>3.10. M&uuml;əyyən edilmiş qaydada sahibkarlıq fəaliyyətinin n&ouml;vləri ilə məşğul olmaq &uuml;&ccedil;&uuml;n fiziki və h&uuml;quqi şəxslərə m&uuml;vafiq k&ouml;məklik g&ouml;stərir.</p>\r\n\r\n<p>3.11. D&ouml;vlət bitki m&uuml;hafizə və bitki karantini xidmətlərini təşkil edir və d&ouml;vlət fitosanitar nəzarətini həyata ke&ccedil;irir.</p>\r\n\r\n<p>3.12. Bitki m&uuml;hafizə vasitələrinin və aqrokimyəvi maddələrin sınağının və qeydiyyatının təşkilində iştirak edir.</p>\r\n\r\n<p>3.13. &Ouml;z səlahiyyətləri daxilində kənd təsərr&uuml;fatı bitkiləri toxum&ccedil;uluğu sahəsində d&ouml;vlət toxum&ccedil;uluq xidmətini təşkil edir və həmin sahəyə d&ouml;vlət nəzarətini həyata ke&ccedil;irir.</p>\r\n\r\n<p>3.14. D&ouml;vlət və sığorta toxum fondlarına sifariş verir və bu fondlara toxum tədar&uuml;k&uuml; məsələlərini həll edir.</p>\r\n\r\n<p>3.15. &Ouml;z səlahiyyətləri daxilində pestisidlərin və aqrokimyəvi maddələrin saxlanması və tətbiqi &uuml;zərində, habelə kənd təsərr&uuml;fatı məhsullarında, yemlərdə, torpaqda zəhərli kimyəvi maddələrin qalıq miqdarına d&ouml;vlət nəzarətini təşkil edir və həyata ke&ccedil;irir.</p>\r\n\r\n<p>3.16. Pestisidlərin və aqrokimyəvi maddələrin qeydiyyatını həyata ke&ccedil;irir, bu məqsədlər &uuml;&ccedil;&uuml;n m&uuml;vafiq komissiya yaradır.</p>\r\n\r\n<p>3.17. Kənd təsərr&uuml;fatı sahəsində m&uuml;asir tələblərə uyğun inkişaf strategiyasının və investisiya proqramlarının hazırlanmasında fəal iştirak edir.</p>\r\n\r\n<p>3.18. Kənd təsərr&uuml;fatı sahələrinə investisiyaları, o c&uuml;mlədən xarici investisiyaları cəlb etmək &uuml;&ccedil;&uuml;n məqsədy&ouml;nl&uuml; iş aparır.</p>\r\n\r\n<p>3.19. Bazar iqtisadiyyatının tələblərinə uyğun olaraq kənd təsərr&uuml;fatında təhsil, kadr hazırlığı sisteminin k&ouml;kl&uuml; surətdə dəyişdirilməsi və bu sahədə beynəlxalq əməkdaşlıq &ccedil;ər&ccedil;ivəsində tədbirlər g&ouml;r&uuml;lməsində iştirak edir.</p>\r\n\r\n<p>3.20. Vətəndaşların ərizə, şikayət və təkliflərinə m&ouml;vcud qanunvericiliyə uyğun baxılmasını təşkil edir.</p>\r\n\r\n<p>3.21. Baytarlıq xidmətini təşkil edir, d&ouml;vlət baytarlıq nəzarətini həyata ke&ccedil;irir.</p>\r\n\r\n<p>3.22. &Ouml;z səlahiyyətləri daxilində baytarlıq preparatlarının, vitaminlərin, yem əlavələrinin, habelə mal-qaranın boy artımını surətləndirən və məhsuldarlığı y&uuml;ksəldən bioloji stimulyatorların və hormonların saxlanmasına, heyvandarlıqda və baytarlıqda tətbiqinə nəzarət edir, onların sınağını və qeydiyyatını aparır.</p>\r\n\r\n<p>3.23. Qanunvericiliklə Nazirliyə həvalə edilmiş vəzifələrin həyata ke&ccedil;irilməsi &uuml;&ccedil;&uuml;n digər funksiyaları həyata ke&ccedil;irir.</p>\r\n\r\n<p>IV Nazirliyin h&uuml;quqları</p>\r\n\r\n<p>Nazirlik &ouml;z vəzifələrini və funksiyalarını həyata ke&ccedil;irmək &uuml;&ccedil;&uuml;n aşağıdakı h&uuml;quqlara malikdir:</p>\r\n\r\n<p>4.1. M&uuml;əyyən edilmiş qaydada D&ouml;vlət Statistika Komitəsindən, digər mərkəzi və yerli orqanlardan kənd təsərr&uuml;fatı ilə əlaqədar məsələlərə dair lazım olan məlumatları almaq və təhlil etmək.</p>\r\n\r\n<p>4.2. M&uuml;vafiq mərkəzi və yerli icra hakimiyyəti orqanları ilə birlikdə kəndin sosial və iqtisadi inkişafı, kənd əhalisinin məşğulluğu və sosial m&uuml;dafiəsinin yaxşılaşdırılması &uuml;zrə d&ouml;vlət proqramlarının və tədbirlərinin işlənib hazırlanmasında və həyata ke&ccedil;irilməsində iştirak etmək.</p>\r\n\r\n<p>4.3. M&uuml;əyyən edilmiş qaydada tabeliyində olan m&uuml;əssisə və idarələrin fəaliyyətini tənzimləyən əsasnamələri təsdiq etmək.</p>\r\n\r\n<p>4.4. &Ouml;z səlahiyyətləri &ccedil;ər&ccedil;ivəsində tabeliyində olan d&ouml;vlət m&uuml;əssisə və idarələrinə əmr və g&ouml;stərişlər vermək, onların d&uuml;zg&uuml;n və vaxtında icra olunmasına nəzarət etmək, həmin m&uuml;əssisə və idarələr tərəfindən qanunvericiliyə zidd qəbul edilmiş qərarların icrasını dayandırmaq və ya ləğv etmək.</p>\r\n\r\n<p>4.5. Nazirliyin səlahiyyətinə aid olan məsələlərə dair m&uuml;əyyən edilmiş qaydada konfrans, m&uuml;şavirə, seminarlar və sərgi-satış təşkil etmək, xarici &ouml;lkələrdə ke&ccedil;irilən bu c&uuml;r tədbirlərdə iştirak etmək.</p>\r\n\r\n<p>4.6. Kənd təsərr&uuml;fatı m&uuml;təxəssislərinə və kadrlarına olan tələbatı m&uuml;əyyən etmək, onların hazırlanmasına və təkmilləşdirilməsinə dair təkliflər vermək, kənd təsərr&uuml;fatı &uuml;zrə tədris planlarının və proqramlarının hazırlanmasında iştirak etmək.</p>\r\n\r\n<p>4.7. Qanunvericiliklə nəzərdə tutulmuş digər h&uuml;quqları həyata ke&ccedil;irmək.</p>\r\n\r\n<p>V Nazirliyin idarə olunması</p>\r\n\r\n<p>5.1. Kənd Təsərr&uuml;fatı Nazirliyinə Nax&ccedil;ıvan Muxtar Respublikası Ali Məclisi Sədrinin Fərmanı ilə vəzifəyə təyin edilən nazir rəhbərlik edir.</p>\r\n\r\n<p>5.2. Kənd Təsərr&uuml;fatı nazirinin Nax&ccedil;ıvan Muxtar Respublikası Ali Məclisi Sədrinin Sərəncamı ilə vəzifəyə təyin olunan bir m&uuml;avini vardır.</p>\r\n\r\n<p>5.3. Nazirliyin mərkəzi aparatının strukturu və iş&ccedil;ilərinin sayı Nax&ccedil;ıvan Muxtar Respublikası Nazirlər Kabineti tərəfindən təsdiq olunur.</p>\r\n\r\n<p>5.4. Nazir &ouml;z səlahiyyətləri daxilində:</p>\r\n\r\n<p>- Nazirliyin fəaliyyətinə rəhbərliyi həyata ke&ccedil;irir, Nazirliyə həvalə olunmuş vəzifə və funksiyaların yerinə yetirilməsinə şəxsi məsuliyyət daşıyır, m&uuml;avini və Nazirliyin mərkəzi aparatının struktur b&ouml;lmələrinin rəhbərləri arasında səlahiyyət b&ouml;lg&uuml;s&uuml; aparır;</p>\r\n\r\n<p>- əmrlər, sərəncamlar, təlimatlar və g&ouml;stərişlər verir;</p>\r\n\r\n<p>- m&uuml;əyyən olunmuş qaydada Nazirliyin mərkəzi aparatının iş&ccedil;ilərini və Nazirliyin nəzdindəki d&ouml;vlət kənd təsərr&uuml;fatı xidmətlərinin rəhbərlərini &ouml;z əmri ilə vəzifəyə təyin edir və vəzifədən azad edir;</p>\r\n\r\n<p>- Nazirliyin mərkəzi aparatının struktur b&ouml;lmələrinin, tabeliyində olan idarə, m&uuml;əssisə və təşkilatların əsasnamələrini və təlimatlarını habelə Elmi-Texniki Şuranın heyətini və Əsasnaməsini təsdiq edir;</p>\r\n\r\n<p>- Nazirlikdə nəzarət-təftiş işini, ilkin u&ccedil;ot və hesabatı təşkil edir, tabeliyindəki idarə, m&uuml;əssisə və təşkilatların hesabat balanslarını təsdiq edir, m&uuml;hasibat u&ccedil;otu və hesabat işlərinin d&uuml;zg&uuml;n aparılmasına nəzarət edir;</p>\r\n\r\n<p>- q&uuml;vvədə olan normativ h&uuml;quqi sənədlərə m&uuml;vafiq olaraq nazirlikdə karg&uuml;zarlığın operativ və d&uuml;zg&uuml;n aparılmasını, həm&ccedil;inin işdə d&ouml;vlət sirrinin saxlanmasını təmin edir.</p>\r\n\r\n<p>5.5. Nazirlik kollegiyallıq və vahid rəhbərlik prinsiplərinin əsasında və qanunvericiliyə uyğun olaraq idarə edilir.</p>\r\n\r\n<p>5.6. Kənd Təsərr&uuml;fatı Nazirliyində kollegiya yaradılır. Kollegiyanın tərkibinə nazir (kollegiyanın sədri), m&uuml;avini, vəzifəyə g&ouml;rə nazirliyin digər məsul vəzifəli iş&ccedil;iləri daxildir.</p>\r\n\r\n<p>5.7. Kollegiyanın say tərkibi və &uuml;zvləri nazirin təqdimatı əsasında Nax&ccedil;ıvan Muxtar Respublikası Nazirlər Kabineti tərəfindən təsdiq edilir.</p>\r\n\r\n<p>5.8. Kollegiya iclasının qərarları sadə səs &ccedil;oxluğu olduqda qəbul edilir və bir qayda olaraq nazirin əmri ilə rəsmiləşdirilir və həyata ke&ccedil;irilir.</p>\r\n\r\n<p>5.9. Kollegiyanın sədri və onun &uuml;zvləri arasında fikir ayrılığı olduqda sədr &ouml;z qərarını həyata ke&ccedil;irir və bu barədə Nax&ccedil;ıvan Muxtar Respublikası Nazirlər Kabinetinə məlumat verir. Kollegiyanın &uuml;zvləri də &ouml;z n&ouml;vbəsində Nazirlər Kabinetinə m&uuml;raciət etmək h&uuml;ququna malikdirlər.</p>\r\n\r\n<p>5.10. Kollegiyanın iclaslarında Nazirliyin kənd təsərr&uuml;fatı sahəsində inkişaf proqramı, tabeliyində olan d&ouml;vlət m&uuml;əssisə, idarə və təşkilatların əsas fəaliyyəti, əsas fondlardan, materiallar, maliyyə və əmək ehtiyatlarından istifadənin vəziyyəti, elmi-texniki nailiyyətlərin, m&uuml;tərəqqi texnologiyaların tətbiq edilməsi və digər problemlər m&uuml;zakirə edilir və onlar barədə qərar qəbul edilir.</p>\r\n\r\n<p>5.11. Zəruri hallarda kollegiyanın iclaslarında iştirak etmək &uuml;&ccedil;&uuml;n m&uuml;zakirə olunan məsələlərlə bilavasitə əlaqəli olan icra hakimiyyəti orqanlarının, idarə, m&uuml;əssisə və təşkilatların, habelə ictimai təşkilatların və yerli &ouml;z&uuml;n&uuml;idarəetmə orqanlarının n&uuml;mayəndələri dəvət oluna bilər.</p>\r\n\r\n<p>5.12. Kənd təsərr&uuml;fatı sahəsində d&ouml;vlət siyasəti məsələlərinin, kənd təsərr&uuml;fatı elminin əsas istiqamətlərinin, elmi araşdırmaların və qabaqcıl xarici &ouml;lkələrin son nailiyyətlərinin &uuml;mumiləşdirilməsi, &ouml;yrənilməsi, texnoloji layihələrin ekspertizasının təşkil edilməsi və onların tətbiqi barədə rəy vermək məqsədi ilə Azərbaycan Milli Elmlər Akademiyası Nax&ccedil;ıvan B&ouml;lməsinin, digər elmi idarələrin alim və m&uuml;təxəssislərini cəlb etməklə Nazirlilkdə Elmi-Texniki Şura yaradılır, habelə qanunvericiliklə m&uuml;əyyən edilmiş qaydada Nazirliyin səlahiyyətlərinə aid edilmiş məsələlərə dair toplular, x&uuml;susi informasiya b&uuml;lletenləri, vərəqələr və digər mətbu nəşrlər buraxılır.&nbsp;</p>', 1, 16, '2021-11-29 03:15:20', '2022-02-02 12:41:36'),
(5, 'Fermerlərə məsləhət', '<p><span style=\"font-size:18px\">Burada tezliklə məlumat yerləşdiriləcək.</span></p>', 1, 17, '2021-11-29 03:18:21', '2021-11-29 03:18:21'),
(6, 'Aqrar sahədə maarifləndirmə işləri davam etdirilir.', '<p style=\"text-align:justify\"><span style=\"font-size:16px\">Nax&ccedil;ıvan Muxtar Respublikası Kənd Təsərr&uuml;fatı Nazirliyi cari ilin iyul ayında da fəaliyyətini nazirliyin illik iş planının və D&ouml;vlət proqramlarının icrası istiqamətində həyata ke&ccedil;irmişdir. &Ouml;tən ay nazirlik əməkdaşları tərəfindən yaz işlərinin optimal m&uuml;ddətdə aparılması, vegetasiya m&uuml;ddətində aqrotexniki tədbirlərdən d&uuml;zg&uuml;n istifadə edilməsi, bi&ccedil;in başa &ccedil;atdıqdan sonra sahələrdən k&uuml;ləşin &ccedil;ıxarılması və keyfiyyətli şum aparılaraq təkrar əkinlərə, həm&ccedil;inin payız əkinlərinə hazırlıq işlərinin g&ouml;r&uuml;lməsi, tərəvəz sahələrindən və meyvə bağlarından yığılan məhsulların soyuducu anbarlarda saxlanılması, eləcə də şənbə-bazar g&uuml;nləri ke&ccedil;irilən kənd təsərr&uuml;fatı yarmarkasına &ccedil;ıxarılması barədə sahibkarlar və ailə təsərr&uuml;fatı &uuml;zvləri ilə maarifləndirici s&ouml;hbətlər aparılmışdır. Ay ərzində Babək, Culfa və Şərur rayonlarından olan təsərr&uuml;fat sahibləri &uuml;z&uuml;ml&uuml;klərdə, meyvə bağlarında həyata ke&ccedil;irilən kompleks tədbirlər və təkrar əkinlərin əlverişli &uuml;sullarla aparılması ilə bağlı nazirliyə m&uuml;raciət etmişdir. M&uuml;raciət olunan məsələlərlə bağlı lazımi t&ouml;vsiyələr verilmiş, əməli k&ouml;məkliklər g&ouml;stərilmişdir. Hesabat d&ouml;vr&uuml;ndə &ldquo;Araz&rdquo; Elm-İstehsalat Birliyində Elmişuranın iclası ke&ccedil;irilmiş, tədqiqat və təsərr&uuml;fat işləri m&uuml;zakirə olunmuş, m&uuml;vafiq tapşırıqlar verilmişdir. BirliyinAqrokimya, torpaqş&uuml;naslıq və torpaqların k&uuml;tləvi analizləri ş&ouml;bəsinin əməkdaşları tərəfindən torpaq m&uuml;lkiyyət&ccedil;iləri və ailə təsərr&uuml;fatı baş&ccedil;ıları tərəfindən gətirilən torpaq n&uuml;munələri analiz olunaraq tərkibindəki qida maddələri barədə onlara məlumat verilmişdir. Taxıl bitkilərinin seleksiyası, bitki m&uuml;hafizəsi və toxum&ccedil;uluq ş&ouml;bəsi tərəfindən payızlıq buğda sortu &uuml;zərində tədqiqat,seleksiya və se&ccedil;mə işləri sona &ccedil;atmışdır. Sahələrdə aprobasiya aparılmış, n&uuml;munə dərzləri g&ouml;t&uuml;r&uuml;lm&uuml;şd&uuml;r. Hazırda məhsuldarlıq g&ouml;stəriciləri araşdırılır. Toxum&ccedil;uluq və Bitkilərin M&uuml;hafizəsi İdarəsinə iyul ayında 47 ayrı-ayrı ailə təsərr&uuml;fat&ccedil;ıları, fermerlər tərəfindən meyvə bağı əkinlərində xəstəlik və zərərvericilərin aşkarlanması məqsədilə gətirilən n&uuml;munələrə baxılmış, həm&ccedil;inin xəstəlik və zərərvericilərin aşkarlanması məqsədilə idarənin m&uuml;təxəssisləri tərəfindən həmin sahələrə baxış ke&ccedil;irilmiş, tələb olunan m&uuml;barizə tədbirləri haqqında sahibkarlara məsləhətlər verilmişdir. Yay otlaqlarından səmərəli istifadə, qoyunlara zootexniki qaydalara uyğun qulluq edilməsi, mal-qara arasında baytarlıq tədbirlərinin vaxtında aparılması və yovşan bitkisinin əhəmiyyəti haqqında sahibkarlarla fərdi qaydada maarifləndirici g&ouml;r&uuml;şlər ke&ccedil;irilmişdir.</span></p>\r\n\r\n<p style=\"text-align:justify\">&nbsp;</p>\r\n\r\n<p style=\"text-align:right\"><span style=\"font-size:16px\"><strong>Nax&ccedil;ıvan Muxtar Respublikası Kənd Təsərr&uuml;fatı</strong></span></p>\r\n\r\n<p style=\"text-align:right\"><span style=\"font-size:16px\"><strong>Nazirliyinin mətbuat xidməti</strong></span></p>', 1, 18, '2021-11-29 03:22:29', '2021-11-29 03:56:09'),
(7, 'Aqrar sahədə işlər davam etdirilir.', '<p style=\"text-align:justify\"><span style=\"font-size:16px\">Nax&ccedil;ıvan Muxtar Respublikası Kənd Təsərr&uuml;fatı Nazirliyi 2020-ci ilin iyun ayında da fəaliyyətini nazirliyin illik iş planının və D&ouml;vlət proqramlarının icrası istiqamətində həyata ke&ccedil;irmişdir. İyun ayında taxıl bi&ccedil;ininin başlaması ilə əlaqədar nazirlikdə yaradılmış operativ qərargah vasitəsilə bi&ccedil;inin gedişinə nəzarət edilir. Nazirlik əməkdaşları tərəfindən muxtar respublikada taxıl bi&ccedil;ininin qısa m&uuml;ddətdə başa &ccedil;atdırılması, bi&ccedil;in zamanı baş verə biləcək fəsadların tez bir vaxtda aradan qaldırılması barədə sahibkarlara və ailə təsərr&uuml;fatı &uuml;zvlərinə maarifləndirici məsləhətlər verilmişdir. &Ouml;tən ay meyvə və &uuml;z&uuml;m bağlarında, bostan-tərəvəz sahələrində xəstəlik və zərərvericilərə qarşı m&uuml;barizə tədbirlərinin aparılması istiqamətində maarifləndirmə tədbirləri davametdirilmişdir. &Uuml;mumilikdə, muxtar respublika &uuml;zrə 475 hektar yonca sahəsində fitanomus zərərvericisinə, 966 hektar taxıl, həm&ccedil;inin cavan meyvə bağlarında si&ccedil;an və si&ccedil;anabənzər gəmiricilərə, 66 hektar kartof sahəsində Kolorado kartof b&ouml;cəyinə, 7 min 321 hektar taxıl və 191 hektar tərəvəz sahəsində alaq otlarına, 136 hektar bostan və tərəvəz sahələrində, eləcə də 27 hektar sahəni əhatə edən bəzək bitkilərinin zərərverici və xəstəliklərinə qarşı kimyəvi m&uuml;barizə tədbirlərinin əhəmiyyəti təsərr&uuml;fat sahiblərinə bildirilmişdir. Həm&ccedil;inin Babək rayonundan 6, Culfa rayonundan 2 təsərr&uuml;fat sahibinin m&uuml;raciəti əsasında &uuml;z&uuml;ml&uuml;klərində və meyvə bağlarında həyata ke&ccedil;irilən kompleks tədbirlərlə bağlı k&ouml;məkliklər g&ouml;stərilmiş, Babək və Şərurrayonlarından nazirliyəm&uuml;raciət edən 12 təsərr&uuml;fatsahibinə tərəvəz əkinlərində m&uuml;tərəqqi &uuml;sulların tətbiqinə dair lazımi t&ouml;vsiyələr verilmişdir. &ldquo;Araz&rdquo; Elm-İstehsalat Birliyinin Aqrokimya, torpaqş&uuml;naslıq və torpaqların k&uuml;tləvi analizləri ş&ouml;bəsinin əməkdaşları tərəfindən torpaq m&uuml;lkiyyət&ccedil;iləri və ailə təsərr&uuml;fatı baş&ccedil;ıları tərəfindən gətirilən torpaq n&uuml;munələri analiz olunmuş, nəticələrə uyğun g&uuml;brə normaları hesablanaraq yazılı məlumatlar verilmişdir. Nax&ccedil;ıvan Muxtar Respublikası İqtisadiyyat Nazirliyinin &ldquo;İstehlak Mallarının Ekspertizası Mərkəzi&rdquo; Məhdud Məsuliyyətli Cəmiyyəti tərəfindən gətirilmiş 2 &ccedil;eşiddə 6 halda kompeze və azot g&uuml;brələri analiz olunaraq nəticələri haqqında məlumatlar aidiyyəti &uuml;zrə g&ouml;ndərilmişdir. Toxum&ccedil;uluq və Bitkilərin M&uuml;hafizəsi İdarəsinin m&uuml;təxəssisləri muxtar respublikanın m&uuml;xtəlif ərazilərində m&uuml;şahidələr aparmış, xəstəlik və zərərvericilərlə sirayətlənmiş sahələr m&uuml;əyyən edilmişdir. Heyvandarlıqda mal-qaranın inkişaf etdirilməsi, onlara zoobaytar qaydalara uyğun qulluq edilməsi və cins tərkibinin yaxşılaşdırılması istiqamətində maarifləndirmə tədbirləri davam etdirilmiş, arı ailələrinin mərhələli şəkildə k&ouml;&ccedil;&uuml;r&uuml;lməsi və xəstəliklərinə qarşı profilaktik tədbirlərin aparılması məqsədilə arı&ccedil;ılarla g&ouml;r&uuml;şlər ke&ccedil;irilmişdir.</span></p>\r\n\r\n<p style=\"text-align:justify\">&nbsp;</p>\r\n\r\n<p style=\"text-align:right\"><span style=\"font-size:16px\"><strong>Nax&ccedil;ıvan Muxtar Respublikası Kənd Təsərr&uuml;fatı</strong></span></p>\r\n\r\n<p style=\"text-align:right\"><span style=\"font-size:16px\"><strong>Nazirliyinin mətbuat xidməti</strong></span></p>', 1, 18, '2021-11-29 03:22:47', '2021-11-29 03:57:47'),
(8, 'Aqrar sahənin inkişafı diqqətdə saxlanılır.', '<p style=\"text-align:justify\"><span style=\"font-size:16px\">2020-ci ilin may ayında Nax&ccedil;ıvan Muxtar Respublikası Kənd Təsərr&uuml;fatı Nazirliyi və struktur b&ouml;lmələrinin m&uuml;təxəssisləri kənd təsərr&uuml;fatının b&uuml;t&uuml;n sahələrində y&uuml;ksək məhsuldarlığın əldə olunması &uuml;&ccedil;&uuml;n maarifləndirici m&uuml;şavirələr, tarla seminarları ke&ccedil;irmiş, təsərr&uuml;fat sahibləri ilə fərdi qaydada s&ouml;hbətlər aparmışlar. Nazirlik əməkdaşları tərəfindən muxtar respublikada ke&ccedil;irilən seminar-m&uuml;şavirə və fərdi g&ouml;r&uuml;şlərdə yaz işlərinin əkin atlaslarına uyğun optimal m&uuml;ddətdə aparılması, bostan-tərəvəz əkini zamanı, əsasən, yerli və yerli şəraitə uyğunlaşan məhsuldar toxumlaXXrdan istifadə edilməsi t&ouml;vsiyə olunmuşdur. Əkinlərdə xəstəlik və zərərvericilərin qarşısının alınmasında aqrotexniki m&uuml;barizənin tətbiq olunmasına &uuml;st&uuml;nl&uuml;k verilməsi qeyd edilmişdir. &Uuml;mumilikdə, muxtar respublika &uuml;zrə 475 hektar yonca sahəsində fitonomus zərərvericisinə, 966 hektar taxıl və cavan meyvə bağlarında si&ccedil;an və si&ccedil;anabənzər gəmiricilərə, 66 hektar kartof sahəsində kolorado kartof b&ouml;cəyinə, 7321 hektar taxıl sahəsində alaq otlarına, eləcə də 16 hektarsahəni əhatə edən bəzək bitkilərinin zərərverici və xəstəliklərinə qarşı kimyəvi m&uuml;barizə aparılmışdır. Taxıl bi&ccedil;ini kampaniyasına hazırlıqla bağlı Nax&ccedil;ıvan Muxtar Respublikası F&ouml;vqəladə Hallar Nazirliyi və &ldquo;Nax&ccedil;ıvan Aqrolizinq&rdquo; A&ccedil;ıq Səhmdar Cəmiyyətinin n&uuml;mayəndələri ilə birlikdə muxtar respublikanın rayonlarında taxılbi&ccedil;ən kombayn sahibkarları ilə fərdi qaydada s&ouml;hbətlər aparılmış, bi&ccedil;ində iştirak edəcək kombaynların texniki vəziyyəti və sayı m&uuml;əyyən edilmişdir. &ldquo;Araz&rdquo; Elm-İstehsalat Birliyinin Aqrokimya, torpaqş&uuml;naslıq və torpaqların k&uuml;tləvi analizləri ş&ouml;bəsinin əməkdaşları tərəfindən torpaq m&uuml;lkiyyət&ccedil;iləri və ailə təsərr&uuml;fatı baş&ccedil;ılarının gətirdikləri torpaq n&uuml;munələri analiz olunaraq tərkibindəki qida maddələrinin miqdarı barədə məlumatların verilməsi işləri davam etdirilmişdir. Toxum&ccedil;uluq və bitkilərin m&uuml;hafizəsi idarəsinə m&uuml;raciət edən 91 ailə təsərr&uuml;fatı baş&ccedil;ısı və fermerlərin istixana təsərr&uuml;fatlarına, meyvə və &uuml;z&uuml;m bağlarına baxış ke&ccedil;irilmiş, tələb olunan m&uuml;barizə tədbirləri haqqında məsləhət və t&ouml;vsiyələr verilmişdir. Toxum&ccedil;uluq təsərr&uuml;fatları və fermerlər tərəfindən laboratoriyaya gətirilən toxumlar analizdən ke&ccedil;irilmiş və nəticələrlə bağlı analiz aktı təqdim olunmuşdur. &ldquo;2017-2022-ci illərdə Nax&ccedil;ıvan Muxtar Respublikasında arı&ccedil;ılığın inkişafı &uuml;zrə D&ouml;vlət Proqramı&rdquo;nın və &ldquo;Nax&ccedil;ıvan Muxtar Respublikasında arı&ccedil;ılığın inkişafı ilə bağlı tədbirlər planı&rdquo;nın m&uuml;vafiq bəndlərinin icrası ilə əlaqədar maarifləndirici tədbirlər həyata ke&ccedil;irilmişdir. &ldquo;Nax&ccedil;ıvan Muxtar Respublikasında damazlıq heyvandarlığın inkişafının əsasları&rdquo; adlı kitab və b&uuml;t&uuml;n rayonların yaşayış məntəqələri &uuml;zrə &ldquo;Heyvan cinslərinin rayonlaşdırılmasının atlası&rdquo; hazırlanmışdır.</span></p>', 1, 18, '2021-11-29 03:24:40', '2021-11-29 03:58:38'),
(9, 'Aqrar sahədə işlər davam etdirilib.', '<p style=\"text-align:justify\"><span style=\"font-size:16px\">Nax&ccedil;ıvan Muxtar Respublikası Kənd Təsərr&uuml;fatı Nazirliyi 2020-ci ilin aprel ayında &ouml;z fəaliyyətini nazirliyin illik iş planının və D&ouml;vlət Proqramlarının icrası istiqamətində həyata ke&ccedil;irilib. Nazirlik əməkdaşları tərəfindən muxtar respublikada payızlıq taxıl əkinlərinə 2-ci yemləmə g&uuml;brələrinin verilməsi, taxıl sahələrində alaq otlarına, eyni zamanda sarı &ccedil;i&ccedil;əyə qarşı m&uuml;barizə tədbirlərinin aparılması barədə sahibkarlara və ailə təsərr&uuml;fatı baş&ccedil;ılarına maarifləndirici məsləhətlər verilib.</span></p>\r\n\r\n<p style=\"text-align:justify\"><span style=\"font-size:16px\">Kartof əkinlərinin əkin atlaslarına uyğun aqrotexniki qaydada aparılmasının əhəmiyyəti, meyvə və &uuml;z&uuml;m &nbsp;bağlarında zərərverici və xəstəliklərə qarşı qabaqlayıcı m&uuml;barizə tədbirlərinin həyata ke&ccedil;irilməsinin məhsuldarlığa təsiri haqqında torpaq m&uuml;lkiyyət&ccedil;ilərinə məsləhətlər verilib.</span></p>\r\n\r\n<p style=\"text-align:justify\"><span style=\"font-size:16px\">2020-ci&nbsp; təsərr&uuml;fat ilində Azərbaycan Respublikası Kənd Təsərr&uuml;fatı Nazirliyinin D&ouml;vlət Fitosanitar Nəzarəti Xidmətinin Bitki M&uuml;hafizə Mərkəzindən kənd təsərr&uuml;fatı bitkilərinin sirayətlənə biləcəyi karantin mənşəli zərərverici və alaq otlarına qarşı m&uuml;barizə tədbirlərinin aparılması &uuml;&ccedil;&uuml;n pestisid alınıb gətirilmiş, norma və nisbətləri nəzərə alınaraq muxtar respublikanın Rayon İcra Hakimiyyətlərinə paylanılıb.</span></p>\r\n\r\n<p style=\"text-align:justify\"><span style=\"font-size:16px\">&Uuml;mumilikdə muxtar respublikada yazın əvvəlindən 235 hektar yonca sahəsində fitanomus zərərvericisinə, 4675 hektar taxıl və cavan meyvə bağlarında si&ccedil;an və si&ccedil;anabənzər gəmiricilərə qarşı,&nbsp; 3761 hektar taxıl sahəsində alaq otlarına qarşı, həm&ccedil;inin&nbsp; 8 hektar sahədə bəzək bitkilərinin zərərverici və xəstəliklərinə qarşı kimyəvi m&uuml;barizə tədbirləri aparılıb.</span></p>\r\n\r\n<p style=\"text-align:justify\"><span style=\"font-size:16px\">Ay ərzində Culfa rayonunda 2, Babək rayonunda 6 &uuml;z&uuml;m və meyvə bağlarında kompleks tədbirlərin aparılması ilə bağlı k&ouml;məklik g&ouml;stərilib.</span></p>\r\n\r\n<p style=\"text-align:justify\"><span style=\"font-size:16px\">&ldquo;Araz&rdquo; Elm İstehsalat Birliyinin Aqrokimya, Torpaqş&uuml;naslıq və Torpaqların K&uuml;tləvi Analizləri ş&ouml;bəsinin əməkdaşları tərəfindən torpaq m&uuml;lkiyyət&ccedil;iləri və ailə təsərr&uuml;fatı baş&ccedil;ıları tərəfindən gətirilmiş torpaq n&uuml;munələri analiz olunmuş və tərkibindəki qida maddələrinin miqdarı barədə aidiyyatına məlumat təqdim edilib.</span></p>\r\n\r\n<p style=\"text-align:justify\"><span style=\"font-size:16px\">Toxum&ccedil;uluq və bitkilərin m&uuml;hafizəsi idarəsinə&nbsp;85 nəfər ayrı-ayrı ailə təsərr&uuml;fatı sahibləri və fermerlər tərəfindən istixana, meyvə, &uuml;z&uuml;m bağı əkinlərində xəstəlik və zərərvericilərin aşkarlanması barədə m&uuml;raciətlər olunmuş, m&uuml;təxəssislər tərəfindən həmin sahələrə baxış ke&ccedil;irilmiş və tələb olunan m&uuml;barizə tədbiri haqqında sahibkarlara məsləhət və t&ouml;vsiyyələr veriblər.Toxum&ccedil;uluq təsərr&uuml;fatları və fermerlər tərəfindən laboratoriyaya gətirilən toxumlar analizdən ke&ccedil;irilərək nəticəsi haqda onlara analiz aktı verilib.Muxtar Respublikanın rayonlarında&nbsp; mineral və &uuml;zvi g&uuml;brələrin verilməsində, taxıl sahələrində alaq otlarına qarşı m&uuml;barizə tədbirlərinin aparılmasında,&nbsp; yaz əkinlərinin ke&ccedil;irilməsində m&uuml;assir texnikalardan istifadə edilməsinin əhəmiyyəti haqqında mexanizator və fermerlərlə fərdi qaydada s&ouml;hbətlər&nbsp; aparılmış, fermerlərə və mexanizatorlara yeni m&uuml;assir texnikaların lizinqə g&ouml;t&uuml;r&uuml;lməsinin şərtləri onların diqqətinə &ccedil;ardırılıb.</span></p>\r\n\r\n<p style=\"text-align:justify\"><span style=\"font-size:16px\">Qoyun&ccedil;uluq &nbsp;təsərr&uuml;fatlarında yeni doğulan balalara zoobaytar qaydalarına uyğun qulluq edilməsinin əhəmiyyəti, mal-qaranın cins tərkibinin yaxşılaşdırılması &uuml;&ccedil;&uuml;n suni mayalandırma tədbirlərinin davam etdirilməsi və baytarlıq tədbirlərinin aparılması ilə&nbsp; bağlı&nbsp; sahibkarlarla maarifləndirici s&ouml;hbətlər aparılıb.&ldquo;2017-2022-ci illərdə Nax&ccedil;ıvan Muxtar Respublikasında arı&ccedil;ılığın inkişafı &uuml;zrə&nbsp; D&ouml;vlət Proqramı&rdquo;nın&nbsp; və &ldquo;Nax&ccedil;ıvan Muxtar Respublikasında arı&ccedil;ılığın inkişafı ilə bağlı&nbsp; tədbirlər planı&rdquo;nınm&uuml;vafiq bəndlərinin icrası diqqətdə saxlanılıb.</span></p>', 1, 18, '2021-11-29 03:24:57', '2021-11-29 04:00:01'),
(10, 'Yaz-tarla işlərinə hazırlıq davam etdirilir.', '<p style=\"text-align:justify\"><span style=\"font-size:16px\">Nax&ccedil;ıvan Muxtar Respublikası Kənd Təsərr&uuml;fatı Nazirliyi 2020-ci ilin fevral ayında &ouml;z fəaliyyətini illik iş planının və D&ouml;vlət proqramlarının icrası istiqamətində həyata ke&ccedil;irmişdir. Belə ki, nazirliyin m&uuml;təxəssisləri tərəfindən torpaq m&uuml;lkiyyət&ccedil;iləri və ailə təsərr&uuml;fatı baş&ccedil;ılarının iştirakı ilə payızlıq taxıl sahələrinə mineral g&uuml;brələrin iki mərhələdə verilməsinin əhəmiyyəti, kartofsahələrinin əkinə hazırlanması, keyfiyyətli toxum materiallarından istifadə etməklə y&uuml;ksək məhsuldarlığa nail olunması, toxumun dərmanlanması, əkindən qabaq torpaq analizinin aparılması m&ouml;vzularında seminarm&uuml;şavirələr ke&ccedil;irilmişdir. Taxıl, meyvə və &uuml;z&uuml;m bağlarında zərərvericilərə qarşı kompleks m&uuml;barizə tədbirlərinin aparılması qaydaları, yaztarla işlərinə hazırlıq və aqrotexniki tədbirlərin vaxtında və keyfiyyətlə aparılmasının məhsuldarlığa təsiri barəsində maarifləndirici tədbirlər davam etdirilmişdir. Kənd təsərr&uuml;fatında əl əməyinin y&uuml;ng&uuml;lləşdirilməsi və &ccedil;əkilən xərcin azaldılması &uuml;&ccedil;&uuml;n kənd təsərr&uuml;fatı texnikaları və aqreqatlarının g&uuml;c&uuml;ndən səmərəli istifadə edilməsi t&ouml;vsiyə olunmuşdur.Akademik Həsən Əliyev adına &ldquo;Araz&rdquo; Elm İstehsalat Birliyində Nax&ccedil;ıvan D&ouml;vlət Universitetinin Torpaqş&uuml;naslıq və aqrokimya ixtisasının tələbələrinə praktik dərslər ke&ccedil;ilmişdir. Birliyin Aqrokimya torpaqş&uuml;naslıq və torpaqların k&uuml;tləvi analizləriş&ouml;bəsinin əməkdaşları tərəfindən Kəngərli rayonunun B&ouml;y&uuml;kd&uuml;z, Xıncab və Təzəkənd kəndlərinin 44 min 53,8 hektar kənd təsərr&uuml;fatına yararlı sahələrindən 332 torpaq n&uuml;munələri g&ouml;t&uuml;r&uuml;lm&uuml;ş, tərkibindəki qida maddələrinin miqdarını m&uuml;əyyənləşdirmək &uuml;&ccedil;&uuml;n kimyəvi analizlər aparılmış, analizlərin nəticələrinə uyğun olaraq qida maddələri ilə təmin olunma kartoqramları Nax&ccedil;ıvan Muxtar Respublikası D&ouml;vlət Yerquruluşu, Geodeziya və Xəritə&ccedil;əkmə Layihə İnstitutunun əməkdaşları tərəfindən hazırlanaraq m&uuml;vafiq kənd icra n&uuml;mayəndəliklərinə verilmişdir. Heyvandarlıqda mal-qaranın cins tərkibinin yaxşılaşdırılması,s&uuml;ni mayalandırma tədbirlərinin davam etdirilməsi və heyvanların zoobaytar qaydalara uyğun yemləndirilməsi istiqamətində maarifləndirmə işləri davam etdirilmiş, arı&ccedil;ıların yaz aylarında aparacaqları tədbirlər onların diqqətinə &ccedil;atdırılmışdır.</span></p>\r\n\r\n<p style=\"text-align:right\">&nbsp;</p>\r\n\r\n<p style=\"text-align:right\"><span style=\"font-size:16px\"><strong>Nax&ccedil;ıvan Muxtar Respublikası Kənd Təsərr&uuml;fatı</strong></span></p>\r\n\r\n<p style=\"text-align:right\"><span style=\"font-size:16px\"><strong>Nazirliyinin mətbuat xidməti</strong></span></p>', 1, 18, '2021-11-29 03:25:14', '2021-11-29 04:01:21'),
(11, 'Aqrar sahədə maarifləndirmə işləri aparılır.', '<p style=\"text-align:justify\"><span style=\"font-size:16px\">Nax&ccedil;ıvan Muxtar Respublikası Kənd Təsərr&uuml;fatı Nazirliyi yanvar ayında &ouml;z fəaliyyətini nazirliyin illik iş planı və d&ouml;vlət proqramlarının icrası istiqamətində qurmuş, maarifləndirici tədbirlər diqqətdə saxlanılmışdır. Belə ki, &ouml;tən ay istixanalarda şitillə əkilən tərəvəz sahələrində y&uuml;ksək məhsuldarlığa nail olunması &uuml;&ccedil;&uuml;n aqrotexniki tədbirlərin vaxtında və keyfiyyətlə aparılması barədə m&uuml;şavirələr ke&ccedil;irilmişdir. Meyvə və &uuml;z&uuml;m bağlarında, taxıl sahələrində gəmiricilərə qarşı m&uuml;şahidələr aparılaraq sahələr m&uuml;əyyənləşdirilmiş, onlara qarşı kimyəvi m&uuml;barizə aparılması qaydaları izah edilmişdir. Qoyun&ccedil;uluq və quş&ccedil;uluq təsərr&uuml;fatlarında heyvan və quşlara zoobaytar qaydalara uyğun qulluq edilməsi, yumurta istehsalının artırılması barədə də maarifləndirici tədbirlər təşkil olunmuşdur. &ldquo;Araz&rdquo; Elm-İstehsalat Birliyinin elmi şurasında kənd təsərr&uuml;fatında tədqiqat işlərinin aparılması m&ouml;vzuları m&uuml;zakirə edilmiş və təkliflər verilmişdir</span></p>', 1, 18, '2021-11-29 03:25:31', '2021-12-06 03:41:44'),
(21, 'Aqrar sığorta haqqında', '<p style=\"text-align:justify\">&nbsp; &nbsp; &nbsp; &nbsp;Aqrar Sığorta Fondu Nax&ccedil;ıvan Muxtar Respublikası Ali Məclisi Sədrinin 08 yanvar 2020-ci&nbsp;il tarixli, 198-VFR n&ouml;mrəli Fərmanı ilə&nbsp;Nax&ccedil;ıvan Muxtar Respublikasında aqrar sığorta sisteminin təşkilini, inkişafını və dayanıqlılığını, habelə idarəedici qurumun formalaşdırılmasını&nbsp;təmin etmək və onun&nbsp;fəaliyyətinə nəzarət etmək məqsədilə yaradılmış qeyri-kommersiya h&uuml;quqi şəxsidir.</p>\r\n\r\n<p style=\"text-align:justify\">&nbsp;&nbsp;&nbsp;&nbsp;&nbsp; &nbsp;Aqrar Sığorta Fondunun Nizamnaməsi Nax&ccedil;ıvan Muxtar Respublikası Ali Məclisi Sədrinin 08 yanvar 2020-ci&nbsp;il tarixli, 198-VFR n&ouml;mrəli Fərmanının&nbsp; 2.1-ci&nbsp;bəndinə əsasən, Nax&ccedil;ıvan Muxtar Respublikası Nazirlər Kabinetinin 15 yanvar&nbsp;2020-ci&nbsp;il tarixli, 5 n&ouml;mrəli Qərarı ilə təsdiq edilmişdir.</p>\r\n\r\n<p>Aqrar sığorta sisteminin məqsədi:</p>\r\n\r\n<ul>\r\n	<li>Aqrar sığorta bazarı infrastrukturunun formalaşdırılmasına və inkişafına k&ouml;mək g&ouml;stərmək;</li>\r\n	<li>Aqrar sığorta sisteminin təşkilini, inkişafını və dayanıqlılığını təmin etmək;</li>\r\n	<li>Kənd təsərr&uuml;fatı məhsullarının risklərə qarşı m&uuml;dafiəsini təmin etmək;</li>\r\n	<li>Kənd təsərr&uuml;fatı məhsullarının istehsalının davamlılığını təmin etmək;</li>\r\n</ul>\r\n\r\n<p>Kənd təsərr&uuml;fatı istehsal&ccedil;ılarının maliyyəyə &ccedil;ıxış imkanlarına dəstək olmaq</p>', 1, 28, '2022-01-31 07:25:45', '2022-02-01 08:20:25');

-- --------------------------------------------------------

--
-- Table structure for table `videos`
--

CREATE TABLE `videos` (
  `id` bigint(20) UNSIGNED NOT NULL,
  `title` varchar(255) COLLATE utf8mb4_unicode_ci NOT NULL,
  `url` varchar(255) COLLATE utf8mb4_unicode_ci NOT NULL,
  `images` varchar(255) COLLATE utf8mb4_unicode_ci NOT NULL,
  `created_at` timestamp NULL DEFAULT NULL,
  `updated_at` timestamp NULL DEFAULT NULL
) ENGINE=InnoDB DEFAULT CHARSET=utf8mb4 COLLATE=utf8mb4_unicode_ci;

--
-- Dumping data for table `videos`
--

INSERT INTO `videos` (`id`, `title`, `url`, `images`, `created_at`, `updated_at`) VALUES
(22, 'Testler', 'https://www.youtube.com/watch?v=DB7LoIj2wXc&ab_channel=NaxcivantvMedia', 'video_1637828439.jpg', '2021-11-25 04:20:39', '2021-11-30 04:47:41');

--
-- Indexes for dumped tables
--

--
-- Indexes for table `admins`
--
ALTER TABLE `admins`
  ADD PRIMARY KEY (`id`),
  ADD UNIQUE KEY `admins_email_unique` (`email`);

--
-- Indexes for table `aqrarcategories`
--
ALTER TABLE `aqrarcategories`
  ADD PRIMARY KEY (`id`);

--
-- Indexes for table `aqrarnews`
--
ALTER TABLE `aqrarnews`
  ADD PRIMARY KEY (`id`);

--
-- Indexes for table `categories`
--
ALTER TABLE `categories`
  ADD PRIMARY KEY (`id`);

--
-- Indexes for table `colleges`
--
ALTER TABLE `colleges`
  ADD PRIMARY KEY (`id`);

--
-- Indexes for table `failed_jobs`
--
ALTER TABLE `failed_jobs`
  ADD PRIMARY KEY (`id`),
  ADD UNIQUE KEY `failed_jobs_uuid_unique` (`uuid`);

--
-- Indexes for table `laws`
--
ALTER TABLE `laws`
  ADD PRIMARY KEY (`id`);

--
-- Indexes for table `migrations`
--
ALTER TABLE `migrations`
  ADD PRIMARY KEY (`id`);

--
-- Indexes for table `news`
--
ALTER TABLE `news`
  ADD PRIMARY KEY (`id`);

--
-- Indexes for table `news_images`
--
ALTER TABLE `news_images`
  ADD PRIMARY KEY (`id`);

--
-- Indexes for table `pages`
--
ALTER TABLE `pages`
  ADD PRIMARY KEY (`id`);

--
-- Indexes for table `password_resets`
--
ALTER TABLE `password_resets`
  ADD KEY `password_resets_email_index` (`email`);

--
-- Indexes for table `personal_access_tokens`
--
ALTER TABLE `personal_access_tokens`
  ADD PRIMARY KEY (`id`);

--
-- Indexes for table `photos`
--
ALTER TABLE `photos`
  ADD PRIMARY KEY (`id`);

--
-- Indexes for table `reports`
--
ALTER TABLE `reports`
  ADD PRIMARY KEY (`id`);

--
-- Indexes for table `settings`
--
ALTER TABLE `settings`
  ADD PRIMARY KEY (`id`);

--
-- Indexes for table `sliders`
--
ALTER TABLE `sliders`
  ADD PRIMARY KEY (`id`);

--
-- Indexes for table `static_pages`
--
ALTER TABLE `static_pages`
  ADD PRIMARY KEY (`id`);

--
-- Indexes for table `videos`
--
ALTER TABLE `videos`
  ADD PRIMARY KEY (`id`);

--
-- AUTO_INCREMENT for dumped tables
--

--
-- AUTO_INCREMENT for table `admins`
--
ALTER TABLE `admins`
  MODIFY `id` bigint(20) UNSIGNED NOT NULL AUTO_INCREMENT, AUTO_INCREMENT=17;

--
-- AUTO_INCREMENT for table `aqrarcategories`
--
ALTER TABLE `aqrarcategories`
  MODIFY `id` bigint(20) UNSIGNED NOT NULL AUTO_INCREMENT, AUTO_INCREMENT=5;

--
-- AUTO_INCREMENT for table `aqrarnews`
--
ALTER TABLE `aqrarnews`
  MODIFY `id` bigint(20) UNSIGNED NOT NULL AUTO_INCREMENT, AUTO_INCREMENT=7;

--
-- AUTO_INCREMENT for table `categories`
--
ALTER TABLE `categories`
  MODIFY `id` bigint(20) UNSIGNED NOT NULL AUTO_INCREMENT, AUTO_INCREMENT=31;

--
-- AUTO_INCREMENT for table `colleges`
--
ALTER TABLE `colleges`
  MODIFY `id` bigint(20) UNSIGNED NOT NULL AUTO_INCREMENT, AUTO_INCREMENT=25;

--
-- AUTO_INCREMENT for table `failed_jobs`
--
ALTER TABLE `failed_jobs`
  MODIFY `id` bigint(20) UNSIGNED NOT NULL AUTO_INCREMENT;

--
-- AUTO_INCREMENT for table `laws`
--
ALTER TABLE `laws`
  MODIFY `id` bigint(20) UNSIGNED NOT NULL AUTO_INCREMENT, AUTO_INCREMENT=46;

--
-- AUTO_INCREMENT for table `migrations`
--
ALTER TABLE `migrations`
  MODIFY `id` int(10) UNSIGNED NOT NULL AUTO_INCREMENT, AUTO_INCREMENT=43;

--
-- AUTO_INCREMENT for table `news`
--
ALTER TABLE `news`
  MODIFY `id` bigint(20) UNSIGNED NOT NULL AUTO_INCREMENT, AUTO_INCREMENT=39;

--
-- AUTO_INCREMENT for table `news_images`
--
ALTER TABLE `news_images`
  MODIFY `id` bigint(20) UNSIGNED NOT NULL AUTO_INCREMENT, AUTO_INCREMENT=114;

--
-- AUTO_INCREMENT for table `pages`
--
ALTER TABLE `pages`
  MODIFY `id` bigint(20) UNSIGNED NOT NULL AUTO_INCREMENT, AUTO_INCREMENT=2;

--
-- AUTO_INCREMENT for table `personal_access_tokens`
--
ALTER TABLE `personal_access_tokens`
  MODIFY `id` bigint(20) UNSIGNED NOT NULL AUTO_INCREMENT;

--
-- AUTO_INCREMENT for table `photos`
--
ALTER TABLE `photos`
  MODIFY `id` bigint(20) UNSIGNED NOT NULL AUTO_INCREMENT, AUTO_INCREMENT=57;

--
-- AUTO_INCREMENT for table `reports`
--
ALTER TABLE `reports`
  MODIFY `id` bigint(20) UNSIGNED NOT NULL AUTO_INCREMENT, AUTO_INCREMENT=4;

--
-- AUTO_INCREMENT for table `settings`
--
ALTER TABLE `settings`
  MODIFY `id` bigint(20) UNSIGNED NOT NULL AUTO_INCREMENT, AUTO_INCREMENT=2;

--
-- AUTO_INCREMENT for table `sliders`
--
ALTER TABLE `sliders`
  MODIFY `id` bigint(20) UNSIGNED NOT NULL AUTO_INCREMENT, AUTO_INCREMENT=33;

--
-- AUTO_INCREMENT for table `static_pages`
--
ALTER TABLE `static_pages`
  MODIFY `id` bigint(20) UNSIGNED NOT NULL AUTO_INCREMENT, AUTO_INCREMENT=22;

--
-- AUTO_INCREMENT for table `videos`
--
ALTER TABLE `videos`
  MODIFY `id` bigint(20) UNSIGNED NOT NULL AUTO_INCREMENT, AUTO_INCREMENT=25;
COMMIT;

/*!40101 SET CHARACTER_SET_CLIENT=@OLD_CHARACTER_SET_CLIENT */;
/*!40101 SET CHARACTER_SET_RESULTS=@OLD_CHARACTER_SET_RESULTS */;
/*!40101 SET COLLATION_CONNECTION=@OLD_COLLATION_CONNECTION */;
